time_ns,node_id,src_ip,src_port,dst_ip,dst_port,priority,rate_bps,cc_tag
2000009396,2,0.2,10000,0.1,100,3,10000000000,TIMELY
2000018792,2,0.2,10000,0.1,100,3,10050000000,TIMELY
2000028168,2,0.2,10000,0.1,100,3,10100000000,TIMELY
2000037524,2,0.2,10000,0.1,100,3,10150000000,TIMELY
2000046860,2,0.2,10000,0.1,100,3,10200000000,TIMELY
2000056176,2,0.2,10000,0.1,100,3,10250000000,TIMELY
2000065472,2,0.2,10000,0.1,100,3,10350000000,TIMELY
2000074728,2,0.2,10000,0.1,100,3,10450000000,TIMELY
2000083944,2,0.2,10000,0.1,100,3,10550000000,TIMELY
2000093120,2,0.2,10000,0.1,100,3,10650000000,TIMELY
2000102261,2,0.2,10000,0.1,100,3,10750000000,TIMELY
2000109396,3,0.3,10000,0.1,100,3,10000000000,TIMELY
2000109480,4,0.4,10000,0.1,100,3,10000000000,TIMELY
2000109564,5,0.5,10000,0.1,100,3,10000000000,TIMELY
2000111362,2,0.2,10000,0.1,100,3,10850000000,TIMELY
2000118792,3,0.3,10000,0.1,100,3,10050000000,TIMELY
2000118960,4,0.4,10000,0.1,100,3,10050000000,TIMELY
2000119044,5,0.5,10000,0.1,100,3,10050000000,TIMELY
2000120428,2,0.2,10000,0.1,100,3,10950000000,TIMELY
2000128168,3,0.3,10000,0.1,100,3,10100000000,TIMELY
2000128336,4,0.4,10000,0.1,100,3,10100000000,TIMELY
2000128420,5,0.5,10000,0.1,100,3,10100000000,TIMELY
2000129459,2,0.2,10000,0.1,100,3,11050000000,TIMELY
2000137524,3,0.3,10000,0.1,100,3,10150000000,TIMELY
2000137775,4,0.4,10000,0.1,100,3,10150000000,TIMELY
2000137859,5,0.5,10000,0.1,100,3,10150000000,TIMELY
2000138455,2,0.2,10000,0.1,100,3,11150000000,TIMELY
2000146860,3,0.3,10000,0.1,100,3,10200000000,TIMELY
2000147111,4,0.4,10000,0.1,100,3,10200000000,TIMELY
2000147195,5,0.5,10000,0.1,100,3,10200000000,TIMELY
2000147416,2,0.2,10000,0.1,100,3,11250000000,TIMELY
2000156176,3,0.3,10000,0.1,100,3,10250000000,TIMELY
2000156342,2,0.2,10000,0.1,100,3,11350000000,TIMELY
2000156427,4,0.4,10000,0.1,100,3,10250000000,TIMELY
2000156511,5,0.5,10000,0.1,100,3,10250000000,TIMELY
2000165238,2,0.2,10000,0.1,100,3,11450000000,TIMELY
2000165472,3,0.3,10000,0.1,100,3,10350000000,TIMELY
2000165723,4,0.4,10000,0.1,100,3,10350000000,TIMELY
2000165807,5,0.5,10000,0.1,100,3,10350000000,TIMELY
2000174099,2,0.2,10000,0.1,100,3,11550000000,TIMELY
2000174728,3,0.3,10000,0.1,100,3,10450000000,TIMELY
2000174979,4,0.4,10000,0.1,100,3,10450000000,TIMELY
2000175063,5,0.5,10000,0.1,100,3,10450000000,TIMELY
2000183661,2,0.2,10000,0.1,100,3,11650000000,TIMELY
2000183944,3,0.3,10000,0.1,100,3,10550000000,TIMELY
2000184195,4,0.4,10000,0.1,100,3,10550000000,TIMELY
2000184279,5,0.5,10000,0.1,100,3,10550000000,TIMELY
2000193120,3,0.3,10000,0.1,100,3,10650000000,TIMELY
2000193204,2,0.2,10000,0.1,100,3,11750000000,TIMELY
2000193371,4,0.4,10000,0.1,100,3,10650000000,TIMELY
2000193455,5,0.5,10000,0.1,100,3,10650000000,TIMELY
2000202261,3,0.3,10000,0.1,100,3,10750000000,TIMELY
2000202512,4,0.4,10000,0.1,100,3,10750000000,TIMELY
2000202596,5,0.5,10000,0.1,100,3,10750000000,TIMELY
2000202688,2,0.2,10000,0.1,100,3,11850000000,TIMELY
2000211362,3,0.3,10000,0.1,100,3,10850000000,TIMELY
2000211613,4,0.4,10000,0.1,100,3,10850000000,TIMELY
2000211697,5,0.5,10000,0.1,100,3,10850000000,TIMELY
2000212136,2,0.2,10000,0.1,100,3,11950000000,TIMELY
2000220428,3,0.3,10000,0.1,100,3,10950000000,TIMELY
2000220679,4,0.4,10000,0.1,100,3,10950000000,TIMELY
2000220763,5,0.5,10000,0.1,100,3,10950000000,TIMELY
2000221548,2,0.2,10000,0.1,100,3,12050000000,TIMELY
2000229459,3,0.3,10000,0.1,100,3,11050000000,TIMELY
2000229710,4,0.4,10000,0.1,100,3,11050000000,TIMELY
2000229794,5,0.5,10000,0.1,100,3,11050000000,TIMELY
2000230930,2,0.2,10000,0.1,100,3,12150000000,TIMELY
2000238455,3,0.3,10000,0.1,100,3,11150000000,TIMELY
2000238706,4,0.4,10000,0.1,100,3,11150000000,TIMELY
2000238790,5,0.5,10000,0.1,100,3,11150000000,TIMELY
2000240276,2,0.2,10000,0.1,100,3,12250000000,TIMELY
2000247416,3,0.3,10000,0.1,100,3,11250000000,TIMELY
2000247667,4,0.4,10000,0.1,100,3,11250000000,TIMELY
2000247751,5,0.5,10000,0.1,100,3,11250000000,TIMELY
2000249586,2,0.2,10000,0.1,100,3,12350000000,TIMELY
2000256342,3,0.3,10000,0.1,100,3,11350000000,TIMELY
2000256593,4,0.4,10000,0.1,100,3,11350000000,TIMELY
2000256677,5,0.5,10000,0.1,100,3,11350000000,TIMELY
2000258866,2,0.2,10000,0.1,100,3,12450000000,TIMELY
2000265238,3,0.3,10000,0.1,100,3,11450000000,TIMELY
2000265489,4,0.4,10000,0.1,100,3,11450000000,TIMELY
2000265573,5,0.5,10000,0.1,100,3,11450000000,TIMELY
2000268110,2,0.2,10000,0.1,100,3,12550000000,TIMELY
2000274099,3,0.3,10000,0.1,100,3,11550000000,TIMELY
2000274350,4,0.4,10000,0.1,100,3,11550000000,TIMELY
2000274434,5,0.5,10000,0.1,100,3,11550000000,TIMELY
2000277324,2,0.2,10000,0.1,100,3,12650000000,TIMELY
2000283661,3,0.3,10000,0.1,100,3,11650000000,TIMELY
2000283918,4,0.4,10000,0.1,100,3,11650000000,TIMELY
2000284002,5,0.5,10000,0.1,100,3,11650000000,TIMELY
2000286502,2,0.2,10000,0.1,100,3,12750000000,TIMELY
2000293187,3,0.3,10000,0.1,100,3,11750000000,TIMELY
2000293444,4,0.4,10000,0.1,100,3,11750000000,TIMELY
2000293528,5,0.5,10000,0.1,100,3,11750000000,TIMELY
2000295650,2,0.2,10000,0.1,100,3,12850000000,TIMELY
2000302671,3,0.3,10000,0.1,100,3,11850000000,TIMELY
2000302928,4,0.4,10000,0.1,100,3,11850000000,TIMELY
2000303012,5,0.5,10000,0.1,100,3,11850000000,TIMELY
2000304768,2,0.2,10000,0.1,100,3,12950000000,TIMELY
2000312119,3,0.3,10000,0.1,100,3,11950000000,TIMELY
2000312376,4,0.4,10000,0.1,100,3,11950000000,TIMELY
2000312460,5,0.5,10000,0.1,100,3,11950000000,TIMELY
2000313856,2,0.2,10000,0.1,100,3,13050000000,TIMELY
2000321531,3,0.3,10000,0.1,100,3,12050000000,TIMELY
2000321788,4,0.4,10000,0.1,100,3,12050000000,TIMELY
2000321872,5,0.5,10000,0.1,100,3,12050000000,TIMELY
2000322914,2,0.2,10000,0.1,100,3,13150000000,TIMELY
2000330913,3,0.3,10000,0.1,100,3,12150000000,TIMELY
2000331170,4,0.4,10000,0.1,100,3,12150000000,TIMELY
2000331254,5,0.5,10000,0.1,100,3,12150000000,TIMELY
2000331942,2,0.2,10000,0.1,100,3,13250000000,TIMELY
2000340259,3,0.3,10000,0.1,100,3,12250000000,TIMELY
2000340516,4,0.4,10000,0.1,100,3,12250000000,TIMELY
2000340600,5,0.5,10000,0.1,100,3,12250000000,TIMELY
2000340940,2,0.2,10000,0.1,100,3,13350000000,TIMELY
2000349569,3,0.3,10000,0.1,100,3,12350000000,TIMELY
2000349826,4,0.4,10000,0.1,100,3,12350000000,TIMELY
2000349910,2,0.2,10000,0.1,100,3,13450000000,TIMELY
2000349994,5,0.5,10000,0.1,100,3,12350000000,TIMELY
2000358849,3,0.3,10000,0.1,100,3,12450000000,TIMELY
2000358933,2,0.2,10000,0.1,100,3,13550000000,TIMELY
2000359106,4,0.4,10000,0.1,100,3,12450000000,TIMELY
2000359274,5,0.5,10000,0.1,100,3,12450000000,TIMELY
2000368093,3,0.3,10000,0.1,100,3,12550000000,TIMELY
2000368350,4,0.4,10000,0.1,100,3,12550000000,TIMELY
2000368470,2,0.2,10000,0.1,100,3,13650000000,TIMELY
2000368554,5,0.5,10000,0.1,100,3,12550000000,TIMELY
2000377307,3,0.3,10000,0.1,100,3,12650000000,TIMELY
2000377564,4,0.4,10000,0.1,100,3,12650000000,TIMELY
2000377768,5,0.5,10000,0.1,100,3,12650000000,TIMELY
2000377972,2,0.2,10000,0.1,100,3,13750000000,TIMELY
2000386485,3,0.3,10000,0.1,100,3,12750000000,TIMELY
2000386742,4,0.4,10000,0.1,100,3,12750000000,TIMELY
2000386946,5,0.5,10000,0.1,100,3,12750000000,TIMELY
2000387446,2,0.2,10000,0.1,100,3,13850000000,TIMELY
2000395633,3,0.3,10000,0.1,100,3,12850000000,TIMELY
2000395890,4,0.4,10000,0.1,100,3,12850000000,TIMELY
2000396094,5,0.5,10000,0.1,100,3,12850000000,TIMELY
2000396885,2,0.2,10000,0.1,100,3,13950000000,TIMELY
2000404751,3,0.3,10000,0.1,100,3,12950000000,TIMELY
2000405008,4,0.4,10000,0.1,100,3,12950000000,TIMELY
2000405212,5,0.5,10000,0.1,100,3,12950000000,TIMELY
2000406296,2,0.2,10000,0.1,100,3,14050000000,TIMELY
2000413839,3,0.3,10000,0.1,100,3,13050000000,TIMELY
2000414096,4,0.4,10000,0.1,100,3,13050000000,TIMELY
2000414300,5,0.5,10000,0.1,100,3,13050000000,TIMELY
2000415679,2,0.2,10000,0.1,100,3,14150000000,TIMELY
2000422897,3,0.3,10000,0.1,100,3,13150000000,TIMELY
2000423154,4,0.4,10000,0.1,100,3,13150000000,TIMELY
2000423358,5,0.5,10000,0.1,100,3,13150000000,TIMELY
2000425034,2,0.2,10000,0.1,100,3,14250000000,TIMELY
2000431925,3,0.3,10000,0.1,100,3,13250000000,TIMELY
2000432182,4,0.4,10000,0.1,100,3,13250000000,TIMELY
2000432386,5,0.5,10000,0.1,100,3,13250000000,TIMELY
2000434354,2,0.2,10000,0.1,100,3,14350000000,TIMELY
2000440923,3,0.3,10000,0.1,100,3,13350000000,TIMELY
2000441180,4,0.4,10000,0.1,100,3,13350000000,TIMELY
2000441384,5,0.5,10000,0.1,100,3,13350000000,TIMELY
2000443646,2,0.2,10000,0.1,100,3,14450000000,TIMELY
2000449891,3,0.3,10000,0.1,100,3,13450000000,TIMELY
2000450148,4,0.4,10000,0.1,100,3,13450000000,TIMELY
2000450352,5,0.5,10000,0.1,100,3,13450000000,TIMELY
2000452910,2,0.2,10000,0.1,100,3,14550000000,TIMELY
2000458835,3,0.3,10000,0.1,100,3,13550000000,TIMELY
2000459092,4,0.4,10000,0.1,100,3,13550000000,TIMELY
2000459330,5,0.5,10000,0.1,100,3,13550000000,TIMELY
2000462146,2,0.2,10000,0.1,100,3,14650000000,TIMELY
2000468372,3,0.3,10000,0.1,100,3,13650000000,TIMELY
2000468629,4,0.4,10000,0.1,100,3,13650000000,TIMELY
2000468867,5,0.5,10000,0.1,100,3,13650000000,TIMELY
2000471354,2,0.2,10000,0.1,100,3,14750000000,TIMELY
2000477874,3,0.3,10000,0.1,100,3,13750000000,TIMELY
2000478131,4,0.4,10000,0.1,100,3,13750000000,TIMELY
2000478369,5,0.5,10000,0.1,100,3,13750000000,TIMELY
2000480534,2,0.2,10000,0.1,100,3,14850000000,TIMELY
2000487348,3,0.3,10000,0.1,100,3,13850000000,TIMELY
2000487605,4,0.4,10000,0.1,100,3,13850000000,TIMELY
2000487843,5,0.5,10000,0.1,100,3,13850000000,TIMELY
2000489686,2,0.2,10000,0.1,100,3,14950000000,TIMELY
2000496787,3,0.3,10000,0.1,100,3,13950000000,TIMELY
2000497044,4,0.4,10000,0.1,100,3,13950000000,TIMELY
2000497282,5,0.5,10000,0.1,100,3,13950000000,TIMELY
2000498817,2,0.2,10000,0.1,100,3,15050000000,TIMELY
2000506198,3,0.3,10000,0.1,100,3,14050000000,TIMELY
2000506455,4,0.4,10000,0.1,100,3,14050000000,TIMELY
2000506693,5,0.5,10000,0.1,100,3,14050000000,TIMELY
2000507920,2,0.2,10000,0.1,100,3,15150000000,TIMELY
2000515581,3,0.3,10000,0.1,100,3,14150000000,TIMELY
2000515838,4,0.4,10000,0.1,100,3,14150000000,TIMELY
2000516076,5,0.5,10000,0.1,100,3,14150000000,TIMELY
2000516995,2,0.2,10000,0.1,100,3,15250000000,TIMELY
2000524936,3,0.3,10000,0.1,100,3,14250000000,TIMELY
2000525193,4,0.4,10000,0.1,100,3,14250000000,TIMELY
2000525431,5,0.5,10000,0.1,100,3,14250000000,TIMELY
2000526042,2,0.2,10000,0.1,100,3,15350000000,TIMELY
2000534256,3,0.3,10000,0.1,100,3,14350000000,TIMELY
2000534513,4,0.4,10000,0.1,100,3,14350000000,TIMELY
2000534751,5,0.5,10000,0.1,100,3,14350000000,TIMELY
2000535068,2,0.2,10000,0.1,100,3,15450000000,TIMELY
2000543623,3,0.3,10000,0.1,100,3,14450000000,TIMELY
2000543805,4,0.4,10000,0.1,100,3,14450000000,TIMELY
2000544043,5,0.5,10000,0.1,100,3,14450000000,TIMELY
2000544612,2,0.2,10000,0.1,100,3,15550000000,TIMELY
2000552887,3,0.3,10000,0.1,100,3,14550000000,TIMELY
2000553130,4,0.4,10000,0.1,100,3,14550000000,TIMELY
2000553307,5,0.5,10000,0.1,100,3,14550000000,TIMELY
2000554132,2,0.2,10000,0.1,100,3,15650000000,TIMELY
2000562131,3,0.3,10000,0.1,100,3,14650000000,TIMELY
2000562366,4,0.4,10000,0.1,100,3,14650000000,TIMELY
2000562626,5,0.5,10000,0.1,100,3,14650000000,TIMELY
2000563620,2,0.2,10000,0.1,100,3,15750000000,TIMELY
2000571342,3,0.3,10000,0.1,100,3,14750000000,TIMELY
2000571574,4,0.4,10000,0.1,100,3,14750000000,TIMELY
2000571834,5,0.5,10000,0.1,100,3,14750000000,TIMELY
2000573084,2,0.2,10000,0.1,100,3,15850000000,TIMELY
2000580556,3,0.3,10000,0.1,100,3,14850000000,TIMELY
2000580754,4,0.4,10000,0.1,100,3,14850000000,TIMELY
2000581014,5,0.5,10000,0.1,100,3,14850000000,TIMELY
2000582516,2,0.2,10000,0.1,100,3,15950000000,TIMELY
2000589708,3,0.3,10000,0.1,100,3,14950000000,TIMELY
2000589906,4,0.4,10000,0.1,100,3,14950000000,TIMELY
2000590166,5,0.5,10000,0.1,100,3,14950000000,TIMELY
2000591924,2,0.2,10000,0.1,100,3,16050000000,TIMELY
2000598846,3,0.3,10000,0.1,100,3,15050000000,TIMELY
2000599037,4,0.4,10000,0.1,100,3,15050000000,TIMELY
2000599297,5,0.5,10000,0.1,100,3,15050000000,TIMELY
2000601308,2,0.2,10000,0.1,100,3,16150000000,TIMELY
2000607949,3,0.3,10000,0.1,100,3,15150000000,TIMELY
2000608140,4,0.4,10000,0.1,100,3,15150000000,TIMELY
2000608400,5,0.5,10000,0.1,100,3,15150000000,TIMELY
2000610668,2,0.2,10000,0.1,100,3,16250000000,TIMELY
2000617050,3,0.3,10000,0.1,100,3,15250000000,TIMELY
2000617215,4,0.4,10000,0.1,100,3,15250000000,TIMELY
2000617485,5,0.5,10000,0.1,100,3,15250000000,TIMELY
2000619996,2,0.2,10000,0.1,100,3,16350000000,TIMELY
2000626097,3,0.3,10000,0.1,100,3,15350000000,TIMELY
2000626288,4,0.4,10000,0.1,100,3,15350000000,TIMELY
2000626532,5,0.5,10000,0.1,100,3,15350000000,TIMELY
2000629300,2,0.2,10000,0.1,100,3,16450000000,TIMELY
2000635157,3,0.3,10000,0.1,100,3,15450000000,TIMELY
2000635314,4,0.4,10000,0.1,100,3,15450000000,TIMELY
2000635586,5,0.5,10000,0.1,100,3,15450000000,TIMELY
2000638580,2,0.2,10000,0.1,100,3,16550000000,TIMELY
2000644701,3,0.3,10000,0.1,100,3,15550000000,TIMELY
2000644869,4,0.4,10000,0.1,100,3,15550000000,TIMELY
2000645130,5,0.5,10000,0.1,100,3,15550000000,TIMELY
2000647836,2,0.2,10000,0.1,100,3,16650000000,TIMELY
2000654221,3,0.3,10000,0.1,100,3,15650000000,TIMELY
2000654389,4,0.4,10000,0.1,100,3,15650000000,TIMELY
2000654650,5,0.5,10000,0.1,100,3,15650000000,TIMELY
2000657068,2,0.2,10000,0.1,100,3,16750000000,TIMELY
2000663709,3,0.3,10000,0.1,100,3,15750000000,TIMELY
2000663877,4,0.4,10000,0.1,100,3,15750000000,TIMELY
2000664138,5,0.5,10000,0.1,100,3,15750000000,TIMELY
2000666276,2,0.2,10000,0.1,100,3,16850000000,TIMELY
2000673173,3,0.3,10000,0.1,100,3,15850000000,TIMELY
2000673341,4,0.4,10000,0.1,100,3,15850000000,TIMELY
2000673602,5,0.5,10000,0.1,100,3,15850000000,TIMELY
2000675460,2,0.2,10000,0.1,100,3,16950000000,TIMELY
2000682605,3,0.3,10000,0.1,100,3,15950000000,TIMELY
2000682773,4,0.4,10000,0.1,100,3,15950000000,TIMELY
2000683034,5,0.5,10000,0.1,100,3,15950000000,TIMELY
2000684620,2,0.2,10000,0.1,100,3,17050000000,TIMELY
2000692013,3,0.3,10000,0.1,100,3,16050000000,TIMELY
2000692181,4,0.4,10000,0.1,100,3,16050000000,TIMELY
2000692442,5,0.5,10000,0.1,100,3,16050000000,TIMELY
2000693756,2,0.2,10000,0.1,100,3,17150000000,TIMELY
2000701476,3,0.3,10000,0.1,100,3,16150000000,TIMELY
2000701565,4,0.4,10000,0.1,100,3,16150000000,TIMELY
2000701826,5,0.5,10000,0.1,100,3,16150000000,TIMELY
2000702868,2,0.2,10000,0.1,100,3,17250000000,TIMELY
2000710836,3,0.3,10000,0.1,100,3,16250000000,TIMELY
2000710925,4,0.4,10000,0.1,100,3,16250000000,TIMELY
2000711186,5,0.5,10000,0.1,100,3,16250000000,TIMELY
2000711956,2,0.2,10000,0.1,100,3,17350000000,TIMELY
2000720164,3,0.3,10000,0.1,100,3,16350000000,TIMELY
2000720253,4,0.4,10000,0.1,100,3,16350000000,TIMELY
2000720514,5,0.5,10000,0.1,100,3,16350000000,TIMELY
2000721506,2,0.2,10000,0.1,100,3,17450000000,TIMELY
2000729468,3,0.3,10000,0.1,100,3,16450000000,TIMELY
2000729557,4,0.4,10000,0.1,100,3,16450000000,TIMELY
2000729818,5,0.5,10000,0.1,100,3,16450000000,TIMELY
2000731038,2,0.2,10000,0.1,100,3,17550000000,TIMELY
2000738753,3,0.3,10000,0.1,100,3,16550000000,TIMELY
2000738837,4,0.4,10000,0.1,100,3,16550000000,TIMELY
2000739098,5,0.5,10000,0.1,100,3,16550000000,TIMELY
2000740543,2,0.2,10000,0.1,100,3,17650000000,TIMELY
2000748009,3,0.3,10000,0.1,100,3,16650000000,TIMELY
2000748093,4,0.4,10000,0.1,100,3,16650000000,TIMELY
2000748354,5,0.5,10000,0.1,100,3,16650000000,TIMELY
2000750021,2,0.2,10000,0.1,100,3,17750000000,TIMELY
2000757247,3,0.3,10000,0.1,100,3,16750000000,TIMELY
2000757331,4,0.4,10000,0.1,100,3,16750000000,TIMELY
2000757656,5,0.5,10000,0.1,100,3,16750000000,TIMELY
2000759472,2,0.2,10000,0.1,100,3,17850000000,TIMELY
2000766455,3,0.3,10000,0.1,100,3,16850000000,TIMELY
2000766539,4,0.4,10000,0.1,100,3,16850000000,TIMELY
2000766864,5,0.5,10000,0.1,100,3,16850000000,TIMELY
2000768905,2,0.2,10000,0.1,100,3,17950000000,TIMELY
2000775659,3,0.3,10000,0.1,100,3,16950000000,TIMELY
2000775743,4,0.4,10000,0.1,100,3,16950000000,TIMELY
2000776048,5,0.5,10000,0.1,100,3,16950000000,TIMELY
2000778311,2,0.2,10000,0.1,100,3,18050000000,TIMELY
2000784819,3,0.3,10000,0.1,100,3,17050000000,TIMELY
2000784987,4,0.4,10000,0.1,100,3,17050000000,TIMELY
2000785208,5,0.5,10000,0.1,100,3,17050000000,TIMELY
2000787699,2,0.2,10000,0.1,100,3,18150000000,TIMELY
2000793973,3,0.3,10000,0.1,100,3,17150000000,TIMELY
2000794123,4,0.4,10000,0.1,100,3,17150000000,TIMELY
2000794354,5,0.5,10000,0.1,100,3,17150000000,TIMELY
2000797060,2,0.2,10000,0.1,100,3,18250000000,TIMELY
2000803085,3,0.3,10000,0.1,100,3,17250000000,TIMELY
2000803253,4,0.4,10000,0.1,100,3,17250000000,TIMELY
2000803466,5,0.5,10000,0.1,100,3,17250000000,TIMELY
2000806394,2,0.2,10000,0.1,100,3,18350000000,TIMELY
2000812198,3,0.3,10000,0.1,100,3,17350000000,TIMELY
2000812341,4,0.4,10000,0.1,100,3,17350000000,TIMELY
2000812574,5,0.5,10000,0.1,100,3,17350000000,TIMELY
2000815710,2,0.2,10000,0.1,100,3,18450000000,TIMELY
2000821748,3,0.3,10000,0.1,100,3,17450000000,TIMELY
2000821916,4,0.4,10000,0.1,100,3,17450000000,TIMELY
2000822124,5,0.5,10000,0.1,100,3,17450000000,TIMELY
2000824999,2,0.2,10000,0.1,100,3,18550000000,TIMELY
2000831280,3,0.3,10000,0.1,100,3,17550000000,TIMELY
2000831448,4,0.4,10000,0.1,100,3,17550000000,TIMELY
2000831656,5,0.5,10000,0.1,100,3,17550000000,TIMELY
2000834270,2,0.2,10000,0.1,100,3,18650000000,TIMELY
2000840785,3,0.3,10000,0.1,100,3,17650000000,TIMELY
2000840953,4,0.4,10000,0.1,100,3,17650000000,TIMELY
2000841161,5,0.5,10000,0.1,100,3,17650000000,TIMELY
2000843514,2,0.2,10000,0.1,100,3,18750000000,TIMELY
2000850263,3,0.3,10000,0.1,100,3,17750000000,TIMELY
2000850431,4,0.4,10000,0.1,100,3,17750000000,TIMELY
2000850639,5,0.5,10000,0.1,100,3,17750000000,TIMELY
2000852740,2,0.2,10000,0.1,100,3,18850000000,TIMELY
2000859792,3,0.3,10000,0.1,100,3,17850000000,TIMELY
2000859882,4,0.4,10000,0.1,100,3,17850000000,TIMELY
2000860090,5,0.5,10000,0.1,100,3,17850000000,TIMELY
2000861948,2,0.2,10000,0.1,100,3,18950000000,TIMELY
2000869225,3,0.3,10000,0.1,100,3,17950000000,TIMELY
2000869315,4,0.4,10000,0.1,100,3,17950000000,TIMELY
2000869523,5,0.5,10000,0.1,100,3,17950000000,TIMELY
2000871129,2,0.2,10000,0.1,100,3,19050000000,TIMELY
2000878631,3,0.3,10000,0.1,100,3,18050000000,TIMELY
2000878721,4,0.4,10000,0.1,100,3,18050000000,TIMELY
2000878929,5,0.5,10000,0.1,100,3,18050000000,TIMELY
2000880292,2,0.2,10000,0.1,100,3,19150000000,TIMELY
2000888019,3,0.3,10000,0.1,100,3,18150000000,TIMELY
2000888109,4,0.4,10000,0.1,100,3,18150000000,TIMELY
2000888317,5,0.5,10000,0.1,100,3,18150000000,TIMELY
2000889437,2,0.2,10000,0.1,100,3,19250000000,TIMELY
2000897381,3,0.3,10000,0.1,100,3,18250000000,TIMELY
2000897470,4,0.4,10000,0.1,100,3,18250000000,TIMELY
2000897678,5,0.5,10000,0.1,100,3,18250000000,TIMELY
2000898993,2,0.2,10000,0.1,100,3,19350000000,TIMELY
2000906715,3,0.3,10000,0.1,100,3,18350000000,TIMELY
2000906883,4,0.4,10000,0.1,100,3,18350000000,TIMELY
2000907012,5,0.5,10000,0.1,100,3,18350000000,TIMELY
2000908529,2,0.2,10000,0.1,100,3,19450000000,TIMELY
2000916036,3,0.3,10000,0.1,100,3,18450000000,TIMELY
2000916199,4,0.4,10000,0.1,100,3,18450000000,TIMELY
2000916393,5,0.5,10000,0.1,100,3,18450000000,TIMELY
2000918045,2,0.2,10000,0.1,100,3,19550000000,TIMELY
2000925325,3,0.3,10000,0.1,100,3,18550000000,TIMELY
2000925493,4,0.4,10000,0.1,100,3,18550000000,TIMELY
2000925682,5,0.5,10000,0.1,100,3,18550000000,TIMELY
2000927541,2,0.2,10000,0.1,100,3,19650000000,TIMELY
2000934601,3,0.3,10000,0.1,100,3,18650000000,TIMELY
2000934764,4,0.4,10000,0.1,100,3,18650000000,TIMELY
2000934953,5,0.5,10000,0.1,100,3,18650000000,TIMELY
2000937007,2,0.2,10000,0.1,100,3,19750000000,TIMELY
2000943845,3,0.3,10000,0.1,100,3,18750000000,TIMELY
2000944013,4,0.4,10000,0.1,100,3,18750000000,TIMELY
2000944197,5,0.5,10000,0.1,100,3,18750000000,TIMELY
2000946453,2,0.2,10000,0.1,100,3,19850000000,TIMELY
2000953072,3,0.3,10000,0.1,100,3,18850000000,TIMELY
2000953239,4,0.4,10000,0.1,100,3,18850000000,TIMELY
2000953423,5,0.5,10000,0.1,100,3,18850000000,TIMELY
2000955879,2,0.2,10000,0.1,100,3,19950000000,TIMELY
2000962280,3,0.3,10000,0.1,100,3,18950000000,TIMELY
2000962448,4,0.4,10000,0.1,100,3,18950000000,TIMELY
2000962631,5,0.5,10000,0.1,100,3,18950000000,TIMELY
2000965285,2,0.2,10000,0.1,100,3,20050000000,TIMELY
2000971471,3,0.3,10000,0.1,100,3,19050000000,TIMELY
2000971629,4,0.4,10000,0.1,100,3,19050000000,TIMELY
2000971812,5,0.5,10000,0.1,100,3,19050000000,TIMELY
2000974671,2,0.2,10000,0.1,100,3,20150000000,TIMELY
2000980634,3,0.3,10000,0.1,100,3,19150000000,TIMELY
2000980802,4,0.4,10000,0.1,100,3,19150000000,TIMELY
2000980975,5,0.5,10000,0.1,100,3,19150000000,TIMELY
2000984037,2,0.2,10000,0.1,100,3,20250000000,TIMELY
2000989798,3,0.3,10000,0.1,100,3,19250000000,TIMELY
2000989947,4,0.4,10000,0.1,100,3,19250000000,TIMELY
2000990131,5,0.5,10000,0.1,100,3,19250000000,TIMELY
2000993383,2,0.2,10000,0.1,100,3,20350000000,TIMELY
2000999354,3,0.3,10000,0.1,100,3,19350000000,TIMELY
2000999522,4,0.4,10000,0.1,100,3,19350000000,TIMELY
2000999687,5,0.5,10000,0.1,100,3,19350000000,TIMELY
2001002709,2,0.2,10000,0.1,100,3,20450000000,TIMELY
2001008890,3,0.3,10000,0.1,100,3,19450000000,TIMELY
2001009058,4,0.4,10000,0.1,100,3,19450000000,TIMELY
2001009226,5,0.5,10000,0.1,100,3,19450000000,TIMELY
2001012015,2,0.2,10000,0.1,100,3,20550000000,TIMELY
2001018406,3,0.3,10000,0.1,100,3,19550000000,TIMELY
2001018574,4,0.4,10000,0.1,100,3,19550000000,TIMELY
2001018742,5,0.5,10000,0.1,100,3,19550000000,TIMELY
2001021301,2,0.2,10000,0.1,100,3,20650000000,TIMELY
2001027902,3,0.3,10000,0.1,100,3,19650000000,TIMELY
2001028070,4,0.4,10000,0.1,100,3,19650000000,TIMELY
2001028238,5,0.5,10000,0.1,100,3,19650000000,TIMELY
2001030567,2,0.2,10000,0.1,100,3,20750000000,TIMELY
2001037368,3,0.3,10000,0.1,100,3,19750000000,TIMELY
2001037536,4,0.4,10000,0.1,100,3,19750000000,TIMELY
2001037704,5,0.5,10000,0.1,100,3,19750000000,TIMELY
2001039813,2,0.2,10000,0.1,100,3,20850000000,TIMELY
2001046814,3,0.3,10000,0.1,100,3,19850000000,TIMELY
2001046982,4,0.4,10000,0.1,100,3,19850000000,TIMELY
2001047150,5,0.5,10000,0.1,100,3,19850000000,TIMELY
2001049039,2,0.2,10000,0.1,100,3,20950000000,TIMELY
2001056319,3,0.3,10000,0.1,100,3,19950000000,TIMELY
2001056408,4,0.4,10000,0.1,100,3,19950000000,TIMELY
2001056576,5,0.5,10000,0.1,100,3,19950000000,TIMELY
2001058245,2,0.2,10000,0.1,100,3,21050000000,TIMELY
2001065725,3,0.3,10000,0.1,100,3,20050000000,TIMELY
2001065814,4,0.4,10000,0.1,100,3,20050000000,TIMELY
2001065982,5,0.5,10000,0.1,100,3,20050000000,TIMELY
2001067431,2,0.2,10000,0.1,100,3,21150000000,TIMELY
2001075115,3,0.3,10000,0.1,100,3,20150000000,TIMELY
2001075200,4,0.4,10000,0.1,100,3,20150000000,TIMELY
2001075368,5,0.5,10000,0.1,100,3,20150000000,TIMELY
2001076597,2,0.2,10000,0.1,100,3,21250000000,TIMELY
2001084481,3,0.3,10000,0.1,100,3,20250000000,TIMELY
2001084649,4,0.4,10000,0.1,100,3,20250000000,TIMELY
2001084734,5,0.5,10000,0.1,100,3,20250000000,TIMELY
2001086140,2,0.2,10000,0.1,100,3,21350000000,TIMELY
2001093831,3,0.3,10000,0.1,100,3,20350000000,TIMELY
2001093995,4,0.4,10000,0.1,100,3,20350000000,TIMELY
2001094080,5,0.5,10000,0.1,100,3,20350000000,TIMELY
2001095661,2,0.2,10000,0.1,100,3,21450000000,TIMELY
2001103157,3,0.3,10000,0.1,100,3,20450000000,TIMELY
2001103325,4,0.4,10000,0.1,100,3,20450000000,TIMELY
2001103409,5,0.5,10000,0.1,100,3,20450000000,TIMELY
2001105160,2,0.2,10000,0.1,100,3,21550000000,TIMELY
2001112470,3,0.3,10000,0.1,100,3,20550000000,TIMELY
2001112631,4,0.4,10000,0.1,100,3,20550000000,TIMELY
2001112799,5,0.5,10000,0.1,100,3,20550000000,TIMELY
2001114648,2,0.2,10000,0.1,100,3,21650000000,TIMELY
2001121758,3,0.3,10000,0.1,100,3,20650000000,TIMELY
2001121926,4,0.4,10000,0.1,100,3,20650000000,TIMELY
2001122085,5,0.5,10000,0.1,100,3,20650000000,TIMELY
2001124114,2,0.2,10000,0.1,100,3,21750000000,TIMELY
2001131035,3,0.3,10000,0.1,100,3,20750000000,TIMELY
2001131192,4,0.4,10000,0.1,100,3,20750000000,TIMELY
2001131360,5,0.5,10000,0.1,100,3,20750000000,TIMELY
2001133558,2,0.2,10000,0.1,100,3,21850000000,TIMELY
2001140367,3,0.3,10000,0.1,100,3,20850000000,TIMELY
2001140451,4,0.4,10000,0.1,100,3,20850000000,TIMELY
2001140606,5,0.5,10000,0.1,100,3,20850000000,TIMELY
2001142980,2,0.2,10000,0.1,100,3,21950000000,TIMELY
2001149593,3,0.3,10000,0.1,100,3,20950000000,TIMELY
2001149677,4,0.4,10000,0.1,100,3,20950000000,TIMELY
2001149845,5,0.5,10000,0.1,100,3,20950000000,TIMELY
2001152380,2,0.2,10000,0.1,100,3,22050000000,TIMELY
2001158816,3,0.3,10000,0.1,100,3,21050000000,TIMELY
2001158900,4,0.4,10000,0.1,100,3,21050000000,TIMELY
2001159051,5,0.5,10000,0.1,100,3,21050000000,TIMELY
2001161769,2,0.2,10000,0.1,100,3,22150000000,TIMELY
2001168002,3,0.3,10000,0.1,100,3,21150000000,TIMELY
2001168086,4,0.4,10000,0.1,100,3,21150000000,TIMELY
2001168254,5,0.5,10000,0.1,100,3,21150000000,TIMELY
2001171136,2,0.2,10000,0.1,100,3,22250000000,TIMELY
2001177189,3,0.3,10000,0.1,100,3,21250000000,TIMELY
2001177273,4,0.4,10000,0.1,100,3,21250000000,TIMELY
2001177420,5,0.5,10000,0.1,100,3,21250000000,TIMELY
2001180481,2,0.2,10000,0.1,100,3,22350000000,TIMELY
2001186732,3,0.3,10000,0.1,100,3,21350000000,TIMELY
2001186900,4,0.4,10000,0.1,100,3,21350000000,TIMELY
2001186984,5,0.5,10000,0.1,100,3,21350000000,TIMELY
2001189804,2,0.2,10000,0.1,100,3,22450000000,TIMELY
2001196278,3,0.3,10000,0.1,100,3,21450000000,TIMELY
2001196421,4,0.4,10000,0.1,100,3,21450000000,TIMELY
2001196589,5,0.5,10000,0.1,100,3,21450000000,TIMELY
2001199116,2,0.2,10000,0.1,100,3,22550000000,TIMELY
2001205779,3,0.3,10000,0.1,100,3,21550000000,TIMELY
2001205947,4,0.4,10000,0.1,100,3,21550000000,TIMELY
2001206088,5,0.5,10000,0.1,100,3,21550000000,TIMELY
2001208406,2,0.2,10000,0.1,100,3,22650000000,TIMELY
2001215295,3,0.3,10000,0.1,100,3,21650000000,TIMELY
2001215435,4,0.4,10000,0.1,100,3,21650000000,TIMELY
2001215603,5,0.5,10000,0.1,100,3,21650000000,TIMELY
2001217674,2,0.2,10000,0.1,100,3,22750000000,TIMELY
2001224847,3,0.3,10000,0.1,100,3,21750000000,TIMELY
2001224931,4,0.4,10000,0.1,100,3,21750000000,TIMELY
2001225069,5,0.5,10000,0.1,100,3,21750000000,TIMELY
2001226931,2,0.2,10000,0.1,100,3,22850000000,TIMELY
2001234291,3,0.3,10000,0.1,100,3,21850000000,TIMELY
2001234459,4,0.4,10000,0.1,100,3,21850000000,TIMELY
2001234543,5,0.5,10000,0.1,100,3,21850000000,TIMELY
2001236166,2,0.2,10000,0.1,100,3,22950000000,TIMELY
2001243747,3,0.3,10000,0.1,100,3,21950000000,TIMELY
2001243881,4,0.4,10000,0.1,100,3,21950000000,TIMELY
2001244049,5,0.5,10000,0.1,100,3,21950000000,TIMELY
2001245390,2,0.2,10000,0.1,100,3,23050000000,TIMELY
2001253233,3,0.3,10000,0.1,100,3,22050000000,TIMELY
2001253317,4,0.4,10000,0.1,100,3,22050000000,TIMELY
2001253449,5,0.5,10000,0.1,100,3,22050000000,TIMELY
2001254592,2,0.2,10000,0.1,100,3,23150000000,TIMELY
2001262622,3,0.3,10000,0.1,100,3,22150000000,TIMELY
2001262790,4,0.4,10000,0.1,100,3,22150000000,TIMELY
2001262874,5,0.5,10000,0.1,100,3,22150000000,TIMELY
2001264136,2,0.2,10000,0.1,100,3,23250000000,TIMELY
2001272028,3,0.3,10000,0.1,100,3,22250000000,TIMELY
2001272157,4,0.4,10000,0.1,100,3,22250000000,TIMELY
2001272325,5,0.5,10000,0.1,100,3,22250000000,TIMELY
2001273668,2,0.2,10000,0.1,100,3,23350000000,TIMELY
2001281459,3,0.3,10000,0.1,100,3,22350000000,TIMELY
2001281543,4,0.4,10000,0.1,100,3,22350000000,TIMELY
2001281670,5,0.5,10000,0.1,100,3,22350000000,TIMELY
2001283176,2,0.2,10000,0.1,100,3,23450000000,TIMELY
2001290782,3,0.3,10000,0.1,100,3,22450000000,TIMELY
2001290866,4,0.4,10000,0.1,100,3,22450000000,TIMELY
2001291034,5,0.5,10000,0.1,100,3,22450000000,TIMELY
2001292672,2,0.2,10000,0.1,100,3,23550000000,TIMELY
2001300138,3,0.3,10000,0.1,100,3,22550000000,TIMELY
2001300222,4,0.4,10000,0.1,100,3,22550000000,TIMELY
2001300346,5,0.5,10000,0.1,100,3,22550000000,TIMELY
2001302144,2,0.2,10000,0.1,100,3,23650000000,TIMELY
2001309428,3,0.3,10000,0.1,100,3,22650000000,TIMELY
2001309596,4,0.4,10000,0.1,100,3,22650000000,TIMELY
2001309680,5,0.5,10000,0.1,100,3,22650000000,TIMELY
2001311604,2,0.2,10000,0.1,100,3,23750000000,TIMELY
2001318744,3,0.3,10000,0.1,100,3,22750000000,TIMELY
2001318864,4,0.4,10000,0.1,100,3,22750000000,TIMELY
2001319032,5,0.5,10000,0.1,100,3,22750000000,TIMELY
2001321040,2,0.2,10000,0.1,100,3,23850000000,TIMELY
2001328086,3,0.3,10000,0.1,100,3,22850000000,TIMELY
2001328170,4,0.4,10000,0.1,100,3,22850000000,TIMELY
2001328289,5,0.5,10000,0.1,100,3,22850000000,TIMELY
2001330464,2,0.2,10000,0.1,100,3,23950000000,TIMELY
2001337321,3,0.3,10000,0.1,100,3,22950000000,TIMELY
2001337489,4,0.4,10000,0.1,100,3,22950000000,TIMELY
2001337573,5,0.5,10000,0.1,100,3,22950000000,TIMELY
2001339864,2,0.2,10000,0.1,100,3,24050000000,TIMELY
2001346597,3,0.3,10000,0.1,100,3,23050000000,TIMELY
2001346713,4,0.4,10000,0.1,100,3,23050000000,TIMELY
2001346881,5,0.5,10000,0.1,100,3,23050000000,TIMELY
2001349252,2,0.2,10000,0.1,100,3,24150000000,TIMELY
2001355801,3,0.3,10000,0.1,100,3,23150000000,TIMELY
2001355969,4,0.4,10000,0.1,100,3,23150000000,TIMELY
2001356083,5,0.5,10000,0.1,100,3,23150000000,TIMELY
2001358616,2,0.2,10000,0.1,100,3,24250000000,TIMELY
2001365401,3,0.3,10000,0.1,100,3,23250000000,TIMELY
2001365513,4,0.4,10000,0.1,100,3,23250000000,TIMELY
2001365681,5,0.5,10000,0.1,100,3,23250000000,TIMELY
2001367968,2,0.2,10000,0.1,100,3,24350000000,TIMELY
2001375018,3,0.3,10000,0.1,100,3,23350000000,TIMELY
2001375102,4,0.4,10000,0.1,100,3,23350000000,TIMELY
2001375213,5,0.5,10000,0.1,100,3,23350000000,TIMELY
2001377296,2,0.2,10000,0.1,100,3,24450000000,TIMELY
2001384526,3,0.3,10000,0.1,100,3,23450000000,TIMELY
2001384694,4,0.4,10000,0.1,100,3,23450000000,TIMELY
2001384778,5,0.5,10000,0.1,100,3,23450000000,TIMELY
2001386612,2,0.2,10000,0.1,100,3,24550000000,TIMELY
2001394082,3,0.3,10000,0.1,100,3,23550000000,TIMELY
2001394190,4,0.4,10000,0.1,100,3,23550000000,TIMELY
2001394358,5,0.5,10000,0.1,100,3,23550000000,TIMELY
2001395916,2,0.2,10000,0.1,100,3,24650000000,TIMELY
2001403640,3,0.3,10000,0.1,100,3,23650000000,TIMELY
2001403724,4,0.4,10000,0.1,100,3,23650000000,TIMELY
2001403912,5,0.5,10000,0.1,100,3,23650000000,TIMELY
2001405196,2,0.2,10000,0.1,100,3,24750000000,TIMELY
2001413100,3,0.3,10000,0.1,100,3,23750000000,TIMELY
2001413268,4,0.4,10000,0.1,100,3,23750000000,TIMELY
2001413372,5,0.5,10000,0.1,100,3,23750000000,TIMELY
2001414464,2,0.2,10000,0.1,100,3,24850000000,TIMELY
2001422601,3,0.3,10000,0.1,100,3,23850000000,TIMELY
2001422775,4,0.4,10000,0.1,100,3,23850000000,TIMELY
2001422859,5,0.5,10000,0.1,100,3,23850000000,TIMELY
2001423708,2,0.2,10000,0.1,100,3,24950000000,TIMELY
2001432097,3,0.3,10000,0.1,100,3,23950000000,TIMELY
2001432199,4,0.4,10000,0.1,100,3,23950000000,TIMELY
2001432367,5,0.5,10000,0.1,100,3,23950000000,TIMELY
2001432940,2,0.2,10000,0.1,100,3,25050000000,TIMELY
2001441583,3,0.3,10000,0.1,100,3,24050000000,TIMELY
2001441667,4,0.4,10000,0.1,100,3,24050000000,TIMELY
2001441767,5,0.5,10000,0.1,100,3,24050000000,TIMELY
2001442497,2,0.2,10000,0.1,100,3,25150000000,TIMELY
2001450971,3,0.3,10000,0.1,100,3,24150000000,TIMELY
2001451139,4,0.4,10000,0.1,100,3,24150000000,TIMELY
2001451223,5,0.5,10000,0.1,100,3,24150000000,TIMELY
2001452028,2,0.2,10000,0.1,100,3,25250000000,TIMELY
2001460406,3,0.3,10000,0.1,100,3,24250000000,TIMELY
2001460503,4,0.4,10000,0.1,100,3,24250000000,TIMELY
2001460671,5,0.5,10000,0.1,100,3,24250000000,TIMELY
2001461546,2,0.2,10000,0.1,100,3,25350000000,TIMELY
2001469843,3,0.3,10000,0.1,100,3,24350000000,TIMELY
2001469927,4,0.4,10000,0.1,100,3,24350000000,TIMELY
2001470023,5,0.5,10000,0.1,100,3,24350000000,TIMELY
2001471051,2,0.2,10000,0.1,100,3,25450000000,TIMELY
2001479171,3,0.3,10000,0.1,100,3,24450000000,TIMELY
2001479339,4,0.4,10000,0.1,100,3,24450000000,TIMELY
2001479423,5,0.5,10000,0.1,100,3,24450000000,TIMELY
2001480530,2,0.2,10000,0.1,100,3,25550000000,TIMELY
2001488562,3,0.3,10000,0.1,100,3,24550000000,TIMELY
2001488655,4,0.4,10000,0.1,100,3,24550000000,TIMELY
2001488823,5,0.5,10000,0.1,100,3,24550000000,TIMELY
2001489996,2,0.2,10000,0.1,100,3,25650000000,TIMELY
2001497951,3,0.3,10000,0.1,100,3,24650000000,TIMELY
2001498035,4,0.4,10000,0.1,100,3,24650000000,TIMELY
2001498127,5,0.5,10000,0.1,100,3,24650000000,TIMELY
2001499449,2,0.2,10000,0.1,100,3,25750000000,TIMELY
2001507231,3,0.3,10000,0.1,100,3,24750000000,TIMELY
2001507399,4,0.4,10000,0.1,100,3,24750000000,TIMELY
2001507483,5,0.5,10000,0.1,100,3,24750000000,TIMELY
2001508889,2,0.2,10000,0.1,100,3,25850000000,TIMELY
2001516578,3,0.3,10000,0.1,100,3,24850000000,TIMELY
2001516667,4,0.4,10000,0.1,100,3,24850000000,TIMELY
2001516835,5,0.5,10000,0.1,100,3,24850000000,TIMELY
2001518303,2,0.2,10000,0.1,100,3,25950000000,TIMELY
2001525908,3,0.3,10000,0.1,100,3,24950000000,TIMELY
2001525992,4,0.4,10000,0.1,100,3,24950000000,TIMELY
2001526079,5,0.5,10000,0.1,100,3,24950000000,TIMELY
2001527704,2,0.2,10000,0.1,100,3,26050000000,TIMELY
2001535140,3,0.3,10000,0.1,100,3,25050000000,TIMELY
2001535308,4,0.4,10000,0.1,100,3,25050000000,TIMELY
2001535392,5,0.5,10000,0.1,100,3,25050000000,TIMELY
2001537092,2,0.2,10000,0.1,100,3,26150000000,TIMELY
2001544780,3,0.3,10000,0.1,100,3,25150000000,TIMELY
2001544948,4,0.4,10000,0.1,100,3,25150000000,TIMELY
2001545032,5,0.5,10000,0.1,100,3,25150000000,TIMELY
2001546467,2,0.2,10000,0.1,100,3,26250000000,TIMELY
2001554404,3,0.3,10000,0.1,100,3,25250000000,TIMELY
2001554488,4,0.4,10000,0.1,100,3,25250000000,TIMELY
2001554656,5,0.5,10000,0.1,100,3,25250000000,TIMELY
2001555816,2,0.2,10000,0.1,100,3,26350000000,TIMELY
2001564026,3,0.3,10000,0.1,100,3,25350000000,TIMELY
2001564110,4,0.4,10000,0.1,100,3,25350000000,TIMELY
2001564194,5,0.5,10000,0.1,100,3,25350000000,TIMELY
2001565152,2,0.2,10000,0.1,100,3,26450000000,TIMELY
2001573645,3,0.3,10000,0.1,100,3,25450000000,TIMELY
2001573729,4,0.4,10000,0.1,100,3,25450000000,TIMELY
2001573813,5,0.5,10000,0.1,100,3,25450000000,TIMELY
2001574475,2,0.2,10000,0.1,100,3,26550000000,TIMELY
2001583179,3,0.3,10000,0.1,100,3,25550000000,TIMELY
2001583347,4,0.4,10000,0.1,100,3,25550000000,TIMELY
2001583431,5,0.5,10000,0.1,100,3,25550000000,TIMELY
2001583785,2,0.2,10000,0.1,100,3,26650000000,TIMELY
2001592801,3,0.3,10000,0.1,100,3,25650000000,TIMELY
2001592969,4,0.4,10000,0.1,100,3,25650000000,TIMELY
2001593053,5,0.5,10000,0.1,100,3,25650000000,TIMELY
2001593137,2,0.2,10000,0.1,100,3,26750000000,TIMELY
2001602429,3,0.3,10000,0.1,100,3,25750000000,TIMELY
2001602513,2,0.2,10000,0.1,100,3,26850000000,TIMELY
2001602597,4,0.4,10000,0.1,100,3,25750000000,TIMELY
2001602681,5,0.5,10000,0.1,100,3,25750000000,TIMELY
2001611889,2,0.2,10000,0.1,100,3,26950000000,TIMELY
2001612057,3,0.3,10000,0.1,100,3,25850000000,TIMELY
2001612141,4,0.4,10000,0.1,100,3,25850000000,TIMELY
2001612225,5,0.5,10000,0.1,100,3,25850000000,TIMELY
2001621601,2,0.2,10000,0.1,100,3,27050000000,TIMELY
2001621685,3,0.3,10000,0.1,100,3,25950000000,TIMELY
2001621769,4,0.4,10000,0.1,100,3,25950000000,TIMELY
2001621853,5,0.5,10000,0.1,100,3,25950000000,TIMELY
2001631229,3,0.3,10000,0.1,100,3,26050000000,TIMELY
2001631313,2,0.2,10000,0.1,100,3,27150000000,TIMELY
2001631397,4,0.4,10000,0.1,100,3,26050000000,TIMELY
2001631481,5,0.5,10000,0.1,100,3,26050000000,TIMELY
2001640857,3,0.3,10000,0.1,100,3,26150000000,TIMELY
2001640941,4,0.4,10000,0.1,100,3,26150000000,TIMELY
2001641025,2,0.2,10000,0.1,100,3,27250000000,TIMELY
2001641109,5,0.5,10000,0.1,100,3,26150000000,TIMELY
2001650485,3,0.3,10000,0.1,100,3,26250000000,TIMELY
2001650569,4,0.4,10000,0.1,100,3,26250000000,TIMELY
2001650653,5,0.5,10000,0.1,100,3,26250000000,TIMELY
2001650737,2,0.2,10000,0.1,100,3,27350000000,TIMELY
2001660029,3,0.3,10000,0.1,100,3,26350000000,TIMELY
2001660197,4,0.4,10000,0.1,100,3,26350000000,TIMELY
2001660281,5,0.5,10000,0.1,100,3,26350000000,TIMELY
2001660365,2,0.2,10000,0.1,100,3,27450000000,TIMELY
2001669657,3,0.3,10000,0.1,100,3,26450000000,TIMELY
2001669825,4,0.4,10000,0.1,100,3,26450000000,TIMELY
2001669909,5,0.5,10000,0.1,100,3,26450000000,TIMELY
2001669993,2,0.2,10000,0.1,100,3,27550000000,TIMELY
2001679285,3,0.3,10000,0.1,100,3,26550000000,TIMELY
2001679453,4,0.4,10000,0.1,100,3,26550000000,TIMELY
2001679537,5,0.5,10000,0.1,100,3,26550000000,TIMELY
2001679621,2,0.2,10000,0.1,100,3,27650000000,TIMELY
2001688913,3,0.3,10000,0.1,100,3,26650000000,TIMELY
2001689081,4,0.4,10000,0.1,100,3,26650000000,TIMELY
2001689165,5,0.5,10000,0.1,100,3,26650000000,TIMELY
2001689249,2,0.2,10000,0.1,100,3,27750000000,TIMELY
2001698541,3,0.3,10000,0.1,100,3,26750000000,TIMELY
2001698625,4,0.4,10000,0.1,100,3,26750000000,TIMELY
2001698793,5,0.5,10000,0.1,100,3,26750000000,TIMELY
2001698877,2,0.2,10000,0.1,100,3,27850000000,TIMELY
2001708169,3,0.3,10000,0.1,100,3,26850000000,TIMELY
2001708253,4,0.4,10000,0.1,100,3,26850000000,TIMELY
2001708421,5,0.5,10000,0.1,100,3,26850000000,TIMELY
2001708505,2,0.2,10000,0.1,100,3,27950000000,TIMELY
2001717797,3,0.3,10000,0.1,100,3,26950000000,TIMELY
2001717881,4,0.4,10000,0.1,100,3,26950000000,TIMELY
2001718049,5,0.5,10000,0.1,100,3,26950000000,TIMELY
2001718133,2,0.2,10000,0.1,100,3,28050000000,TIMELY
2001727761,3,0.3,10000,0.1,100,3,27050000000,TIMELY
2001727845,4,0.4,10000,0.1,100,3,27050000000,TIMELY
2001727929,2,0.2,10000,0.1,100,3,28150000000,TIMELY
2001728013,5,0.5,10000,0.1,100,3,27050000000,TIMELY
2001737641,3,0.3,10000,0.1,100,3,27150000000,TIMELY
2001737725,2,0.2,10000,0.1,100,3,28250000000,TIMELY
2001737809,4,0.4,10000,0.1,100,3,27150000000,TIMELY
2001737893,5,0.5,10000,0.1,100,3,27150000000,TIMELY
2001747437,2,0.2,10000,0.1,100,3,28350000000,TIMELY
2001747605,3,0.3,10000,0.1,100,3,27250000000,TIMELY
2001747689,4,0.4,10000,0.1,100,3,27250000000,TIMELY
2001747773,5,0.5,10000,0.1,100,3,27250000000,TIMELY
2001757149,2,0.2,10000,0.1,100,3,28450000000,TIMELY
2001757485,3,0.3,10000,0.1,100,3,27350000000,TIMELY
2001757569,4,0.4,10000,0.1,100,3,27350000000,TIMELY
2001757653,5,0.5,10000,0.1,100,3,27350000000,TIMELY
2001766905,2,0.2,10000,0.1,100,3,28550000000,TIMELY
2001767325,3,0.3,10000,0.1,100,3,27450000000,TIMELY
2001767409,4,0.4,10000,0.1,100,3,27450000000,TIMELY
2001767493,5,0.5,10000,0.1,100,3,27450000000,TIMELY
2001776617,2,0.2,10000,0.1,100,3,28650000000,TIMELY
2001777121,3,0.3,10000,0.1,100,3,27550000000,TIMELY
2001777205,4,0.4,10000,0.1,100,3,27550000000,TIMELY
2001777289,5,0.5,10000,0.1,100,3,27550000000,TIMELY
2001786329,2,0.2,10000,0.1,100,3,28750000000,TIMELY
2001786917,3,0.3,10000,0.1,100,3,27650000000,TIMELY
2001787001,4,0.4,10000,0.1,100,3,27650000000,TIMELY
2001787085,5,0.5,10000,0.1,100,3,27650000000,TIMELY
2001796039,2,0.2,10000,0.1,100,3,28850000000,TIMELY
2001796711,3,0.3,10000,0.1,100,3,27750000000,TIMELY
2001796795,4,0.4,10000,0.1,100,3,27750000000,TIMELY
2001796879,5,0.5,10000,0.1,100,3,27750000000,TIMELY
2001805003,2,0.2,10000,0.1,100,3,28950000000,TIMELY
2001806507,3,0.3,10000,0.1,100,3,27850000000,TIMELY
2001806591,4,0.4,10000,0.1,100,3,27850000000,TIMELY
2001806675,5,0.5,10000,0.1,100,3,27850000000,TIMELY
2001813910,2,0.2,10000,0.1,100,3,29050000000,TIMELY
2001816086,3,0.3,10000,0.1,100,3,27950000000,TIMELY
2001816170,4,0.4,10000,0.1,100,3,27950000000,TIMELY
2001816254,5,0.5,10000,0.1,100,3,27950000000,TIMELY
2001822698,2,0.2,10000,0.1,100,3,29150000000,TIMELY
2001825490,3,0.3,10000,0.1,100,3,28050000000,TIMELY
2001825574,4,0.4,10000,0.1,100,3,28050000000,TIMELY
2001825658,5,0.5,10000,0.1,100,3,28050000000,TIMELY
2001831430,2,0.2,10000,0.1,100,3,29250000000,TIMELY
2001834880,3,0.3,10000,0.1,100,3,28150000000,TIMELY
2001834964,4,0.4,10000,0.1,100,3,28150000000,TIMELY
2001835048,5,0.5,10000,0.1,100,3,28150000000,TIMELY
2001840064,2,0.2,10000,0.1,100,3,29350000000,TIMELY
2001844256,3,0.3,10000,0.1,100,3,28250000000,TIMELY
2001844340,4,0.4,10000,0.1,100,3,28250000000,TIMELY
2001844424,5,0.5,10000,0.1,100,3,28250000000,TIMELY
2001848600,2,0.2,10000,0.1,100,3,29450000000,TIMELY
2001853618,3,0.3,10000,0.1,100,3,28350000000,TIMELY
2001853702,4,0.4,10000,0.1,100,3,28350000000,TIMELY
2001853870,5,0.5,10000,0.1,100,3,28350000000,TIMELY
2001857066,2,0.2,10000,0.1,100,3,29550000000,TIMELY
2001863108,3,0.3,10000,0.1,100,3,28450000000,TIMELY
2001863192,4,0.4,10000,0.1,100,3,28450000000,TIMELY
2001863360,5,0.5,10000,0.1,100,3,28450000000,TIMELY
2001865517,2,0.2,10000,0.1,100,3,29650000000,TIMELY
2001872792,3,0.3,10000,0.1,100,3,28550000000,TIMELY
2001872876,4,0.4,10000,0.1,100,3,28550000000,TIMELY
2001872960,5,0.5,10000,0.1,100,3,28550000000,TIMELY
2001873953,2,0.2,10000,0.1,100,3,29750000000,TIMELY
2001882374,2,0.2,10000,0.1,100,3,29850000000,TIMELY
2001882573,3,0.3,10000,0.1,100,3,28650000000,TIMELY
2001882657,4,0.4,10000,0.1,100,3,28650000000,TIMELY
2001882825,5,0.5,10000,0.1,100,3,28650000000,TIMELY
2001891369,2,0.2,10000,0.1,100,3,29950000000,TIMELY
2001892537,3,0.3,10000,0.1,100,3,28750000000,TIMELY
2001892621,4,0.4,10000,0.1,100,3,28750000000,TIMELY
2001892705,5,0.5,10000,0.1,100,3,28750000000,TIMELY
2001900285,2,0.2,10000,0.1,100,3,30050000000,TIMELY
2001902209,3,0.3,10000,0.1,100,3,28850000000,TIMELY
2001902293,4,0.4,10000,0.1,100,3,28850000000,TIMELY
2001902377,5,0.5,10000,0.1,100,3,28850000000,TIMELY
2001909073,2,0.2,10000,0.1,100,3,30150000000,TIMELY
2001910921,3,0.3,10000,0.1,100,3,28950000000,TIMELY
2001911005,4,0.4,10000,0.1,100,3,28950000000,TIMELY
2001911089,5,0.5,10000,0.1,100,3,28950000000,TIMELY
2001917869,2,0.2,10000,0.1,100,3,30250000000,TIMELY
2001919633,3,0.3,10000,0.1,100,3,29050000000,TIMELY
2001919717,4,0.4,10000,0.1,100,3,29050000000,TIMELY
2001919801,5,0.5,10000,0.1,100,3,29050000000,TIMELY
2001926665,2,0.2,10000,0.1,100,3,30350000000,TIMELY
2001928345,3,0.3,10000,0.1,100,3,29150000000,TIMELY
2001928429,4,0.4,10000,0.1,100,3,29150000000,TIMELY
2001928513,5,0.5,10000,0.1,100,3,29150000000,TIMELY
2001935533,2,0.2,10000,0.1,100,3,30450000000,TIMELY
2001937129,3,0.3,10000,0.1,100,3,29250000000,TIMELY
2001937213,4,0.4,10000,0.1,100,3,29250000000,TIMELY
2001937297,5,0.5,10000,0.1,100,3,29250000000,TIMELY
2001944329,2,0.2,10000,0.1,100,3,30550000000,TIMELY
2001945925,3,0.3,10000,0.1,100,3,29350000000,TIMELY
2001946009,4,0.4,10000,0.1,100,3,29350000000,TIMELY
2001946093,5,0.5,10000,0.1,100,3,29350000000,TIMELY
2001953125,2,0.2,10000,0.1,100,3,30650000000,TIMELY
2001954721,3,0.3,10000,0.1,100,3,29450000000,TIMELY
2001954805,4,0.4,10000,0.1,100,3,29450000000,TIMELY
2001954889,5,0.5,10000,0.1,100,3,29450000000,TIMELY
2001961921,2,0.2,10000,0.1,100,3,30750000000,TIMELY
2001963517,3,0.3,10000,0.1,100,3,29550000000,TIMELY
2001963601,4,0.4,10000,0.1,100,3,29550000000,TIMELY
2001963685,5,0.5,10000,0.1,100,3,29550000000,TIMELY
2001970717,2,0.2,10000,0.1,100,3,30850000000,TIMELY
2001972313,3,0.3,10000,0.1,100,3,29650000000,TIMELY
2001972397,4,0.4,10000,0.1,100,3,29650000000,TIMELY
2001972481,5,0.5,10000,0.1,100,3,29650000000,TIMELY
2001979513,2,0.2,10000,0.1,100,3,30950000000,TIMELY
2001980849,2,0.2,10000,0.1,100,3,30950000000,TIMELY
2001981193,3,0.3,10000,0.1,100,3,29750000000,TIMELY
2001981277,4,0.4,10000,0.1,100,3,29750000000,TIMELY
2001981361,5,0.5,10000,0.1,100,3,29750000000,TIMELY
2001988261,2,0.2,10000,0.1,100,3,31050000000,TIMELY
2001989597,2,0.2,10000,0.1,100,3,31050000000,TIMELY
2001990025,3,0.3,10000,0.1,100,3,29850000000,TIMELY
2001990109,4,0.4,10000,0.1,100,3,29850000000,TIMELY
2001990193,5,0.5,10000,0.1,100,3,29850000000,TIMELY
2001996973,2,0.2,10000,0.1,100,3,31150000000,TIMELY
2001998309,2,0.2,10000,0.1,100,3,31150000000,TIMELY
2001998821,3,0.3,10000,0.1,100,3,29950000000,TIMELY
2001998905,4,0.4,10000,0.1,100,3,29950000000,TIMELY
2001998989,5,0.5,10000,0.1,100,3,29950000000,TIMELY
2002005685,2,0.2,10000,0.1,100,3,31250000000,TIMELY
2002007021,2,0.2,10000,0.1,100,3,31250000000,TIMELY
2002007617,3,0.3,10000,0.1,100,3,30050000000,TIMELY
2002007701,4,0.4,10000,0.1,100,3,30050000000,TIMELY
2002007785,5,0.5,10000,0.1,100,3,30050000000,TIMELY
2002014355,2,0.2,10000,0.1,100,3,31350000000,TIMELY
2002015691,2,0.2,10000,0.1,100,3,31350000000,TIMELY
2002016371,3,0.3,10000,0.1,100,3,30150000000,TIMELY
2002016455,4,0.4,10000,0.1,100,3,30150000000,TIMELY
2002016539,5,0.5,10000,0.1,100,3,30150000000,TIMELY
2002022983,2,0.2,10000,0.1,100,3,31450000000,TIMELY
2002024319,2,0.2,10000,0.1,100,3,31450000000,TIMELY
2002025083,3,0.3,10000,0.1,100,3,30250000000,TIMELY
2002025167,4,0.4,10000,0.1,100,3,30250000000,TIMELY
2002025251,5,0.5,10000,0.1,100,3,30250000000,TIMELY
2002031611,2,0.2,10000,0.1,100,3,31550000000,TIMELY
2002032947,2,0.2,10000,0.1,100,3,31550000000,TIMELY
2002033795,3,0.3,10000,0.1,100,3,30350000000,TIMELY
2002033879,4,0.4,10000,0.1,100,3,30350000000,TIMELY
2002033963,5,0.5,10000,0.1,100,3,30350000000,TIMELY
2002040191,2,0.2,10000,0.1,100,3,31650000000,TIMELY
2002041527,2,0.2,10000,0.1,100,3,31650000000,TIMELY
2002042459,3,0.3,10000,0.1,100,3,30450000000,TIMELY
2002042543,4,0.4,10000,0.1,100,3,30450000000,TIMELY
2002042627,5,0.5,10000,0.1,100,3,30450000000,TIMELY
2002048735,2,0.2,10000,0.1,100,3,31750000000,TIMELY
2002050071,2,0.2,10000,0.1,100,3,31750000000,TIMELY
2002051087,3,0.3,10000,0.1,100,3,30550000000,TIMELY
2002051171,4,0.4,10000,0.1,100,3,30550000000,TIMELY
2002051255,5,0.5,10000,0.1,100,3,30550000000,TIMELY
2002057279,2,0.2,10000,0.1,100,3,31850000000,TIMELY
2002058615,2,0.2,10000,0.1,100,3,31850000000,TIMELY
2002059715,3,0.3,10000,0.1,100,3,30650000000,TIMELY
2002059799,4,0.4,10000,0.1,100,3,30650000000,TIMELY
2002059883,5,0.5,10000,0.1,100,3,30650000000,TIMELY
2002065772,2,0.2,10000,0.1,100,3,31950000000,TIMELY
2002067108,2,0.2,10000,0.1,100,3,31950000000,TIMELY
2002068292,3,0.3,10000,0.1,100,3,30750000000,TIMELY
2002068376,4,0.4,10000,0.1,100,3,30750000000,TIMELY
2002068460,5,0.5,10000,0.1,100,3,30750000000,TIMELY
2002074232,2,0.2,10000,0.1,100,3,32050000000,TIMELY
2002075568,2,0.2,10000,0.1,100,3,32050000000,TIMELY
2002076836,3,0.3,10000,0.1,100,3,30850000000,TIMELY
2002076920,4,0.4,10000,0.1,100,3,30850000000,TIMELY
2002077004,5,0.5,10000,0.1,100,3,30850000000,TIMELY
2002082692,2,0.2,10000,0.1,100,3,32150000000,TIMELY
2002084028,2,0.2,10000,0.1,100,3,32150000000,TIMELY
2002085380,3,0.3,10000,0.1,100,3,30950000000,TIMELY
2002085464,4,0.4,10000,0.1,100,3,30950000000,TIMELY
2002085548,5,0.5,10000,0.1,100,3,30950000000,TIMELY
2002086632,3,0.3,10000,0.1,100,3,30950000000,TIMELY
2002086716,4,0.4,10000,0.1,100,3,30950000000,TIMELY
2002086800,5,0.5,10000,0.1,100,3,30950000000,TIMELY
2002091084,2,0.2,10000,0.1,100,3,32250000000,TIMELY
2002092420,2,0.2,10000,0.1,100,3,32250000000,TIMELY
2002093856,3,0.3,10000,0.1,100,3,31050000000,TIMELY
2002093940,4,0.4,10000,0.1,100,3,31050000000,TIMELY
2002094024,5,0.5,10000,0.1,100,3,31050000000,TIMELY
2002095108,3,0.3,10000,0.1,100,3,31050000000,TIMELY
2002095192,4,0.4,10000,0.1,100,3,31050000000,TIMELY
2002095276,5,0.5,10000,0.1,100,3,31050000000,TIMELY
2002099460,2,0.2,10000,0.1,100,3,32350000000,TIMELY
2002100796,2,0.2,10000,0.1,100,3,32350000000,TIMELY
2002102316,3,0.3,10000,0.1,100,3,31150000000,TIMELY
2002102400,4,0.4,10000,0.1,100,3,31150000000,TIMELY
2002102484,5,0.5,10000,0.1,100,3,31150000000,TIMELY
2002103568,3,0.3,10000,0.1,100,3,31150000000,TIMELY
2002103652,4,0.4,10000,0.1,100,3,31150000000,TIMELY
2002103736,5,0.5,10000,0.1,100,3,31150000000,TIMELY
2002107836,2,0.2,10000,0.1,100,3,32450000000,TIMELY
2002109172,2,0.2,10000,0.1,100,3,32450000000,TIMELY
2002110776,3,0.3,10000,0.1,100,3,31250000000,TIMELY
2002110860,4,0.4,10000,0.1,100,3,31250000000,TIMELY
2002110944,5,0.5,10000,0.1,100,3,31250000000,TIMELY
2002112028,3,0.3,10000,0.1,100,3,31250000000,TIMELY
2002112112,4,0.4,10000,0.1,100,3,31250000000,TIMELY
2002112196,5,0.5,10000,0.1,100,3,31250000000,TIMELY
2002116132,2,0.2,10000,0.1,100,3,32550000000,TIMELY
2002117468,2,0.2,10000,0.1,100,3,32550000000,TIMELY
2002119156,3,0.3,10000,0.1,100,3,31350000000,TIMELY
2002119240,4,0.4,10000,0.1,100,3,31350000000,TIMELY
2002119324,5,0.5,10000,0.1,100,3,31350000000,TIMELY
2002120408,3,0.3,10000,0.1,100,3,31350000000,TIMELY
2002120492,4,0.4,10000,0.1,100,3,31350000000,TIMELY
2002120576,5,0.5,10000,0.1,100,3,31350000000,TIMELY
2002124424,2,0.2,10000,0.1,100,3,32650000000,TIMELY
2002125760,2,0.2,10000,0.1,100,3,32650000000,TIMELY
2002127532,3,0.3,10000,0.1,100,3,31450000000,TIMELY
2002127616,4,0.4,10000,0.1,100,3,31450000000,TIMELY
2002127700,5,0.5,10000,0.1,100,3,31450000000,TIMELY
2002128784,3,0.3,10000,0.1,100,3,31450000000,TIMELY
2002128868,4,0.4,10000,0.1,100,3,31450000000,TIMELY
2002128952,5,0.5,10000,0.1,100,3,31450000000,TIMELY
2002132704,2,0.2,10000,0.1,100,3,32750000000,TIMELY
2002134040,2,0.2,10000,0.1,100,3,32750000000,TIMELY
2002135896,3,0.3,10000,0.1,100,3,31550000000,TIMELY
2002135980,4,0.4,10000,0.1,100,3,31550000000,TIMELY
2002136064,5,0.5,10000,0.1,100,3,31550000000,TIMELY
2002137148,3,0.3,10000,0.1,100,3,31550000000,TIMELY
2002137232,4,0.4,10000,0.1,100,3,31550000000,TIMELY
2002137316,5,0.5,10000,0.1,100,3,31550000000,TIMELY
2002140912,2,0.2,10000,0.1,100,3,32850000000,TIMELY
2002142584,2,0.2,10000,0.1,100,3,32850000000,TIMELY
2002144272,3,0.3,10000,0.1,100,3,31650000000,TIMELY
2002144356,4,0.4,10000,0.1,100,3,31650000000,TIMELY
2002144440,5,0.5,10000,0.1,100,3,31650000000,TIMELY
2002145524,3,0.3,10000,0.1,100,3,31650000000,TIMELY
2002145608,4,0.4,10000,0.1,100,3,31650000000,TIMELY
2002145692,5,0.5,10000,0.1,100,3,31650000000,TIMELY
2002149101,2,0.2,10000,0.1,100,3,32950000000,TIMELY
2002150773,2,0.2,10000,0.1,100,3,32950000000,TIMELY
2002152629,3,0.3,10000,0.1,100,3,31750000000,TIMELY
2002152713,4,0.4,10000,0.1,100,3,31750000000,TIMELY
2002152797,5,0.5,10000,0.1,100,3,31750000000,TIMELY
2002153881,3,0.3,10000,0.1,100,3,31750000000,TIMELY
2002153965,4,0.4,10000,0.1,100,3,31750000000,TIMELY
2002154049,5,0.5,10000,0.1,100,3,31750000000,TIMELY
2002157225,2,0.2,10000,0.1,100,3,33050000000,TIMELY
2002158897,2,0.2,10000,0.1,100,3,33050000000,TIMELY
2002160921,3,0.3,10000,0.1,100,3,31850000000,TIMELY
2002161005,4,0.4,10000,0.1,100,3,31850000000,TIMELY
2002161089,5,0.5,10000,0.1,100,3,31850000000,TIMELY
2002162173,3,0.3,10000,0.1,100,3,31850000000,TIMELY
2002162257,4,0.4,10000,0.1,100,3,31850000000,TIMELY
2002162341,5,0.5,10000,0.1,100,3,31850000000,TIMELY
2002165265,2,0.2,10000,0.1,100,3,33150000000,TIMELY
2002166937,2,0.2,10000,0.1,100,3,33150000000,TIMELY
2002169129,3,0.3,10000,0.1,100,3,31950000000,TIMELY
2002169213,4,0.4,10000,0.1,100,3,31950000000,TIMELY
2002169297,5,0.5,10000,0.1,100,3,31950000000,TIMELY
2002170381,3,0.3,10000,0.1,100,3,31950000000,TIMELY
2002170465,4,0.4,10000,0.1,100,3,31950000000,TIMELY
2002170633,5,0.5,10000,0.1,100,3,31950000000,TIMELY
2002173251,2,0.2,10000,0.1,100,3,33250000000,TIMELY
2002174923,2,0.2,10000,0.1,100,3,33250000000,TIMELY
2002177283,3,0.3,10000,0.1,100,3,32050000000,TIMELY
2002177367,4,0.4,10000,0.1,100,3,32050000000,TIMELY
2002177535,5,0.5,10000,0.1,100,3,32050000000,TIMELY
2002178619,3,0.3,10000,0.1,100,3,32050000000,TIMELY
2002178703,4,0.4,10000,0.1,100,3,32050000000,TIMELY
2002178871,5,0.5,10000,0.1,100,3,32050000000,TIMELY
2002181237,2,0.2,10000,0.1,100,3,33350000000,TIMELY
2002182879,2,0.2,10000,0.1,100,3,33350000000,TIMELY
2002185477,3,0.3,10000,0.1,100,3,32150000000,TIMELY
2002185645,4,0.4,10000,0.1,100,3,32150000000,TIMELY
2002185729,5,0.5,10000,0.1,100,3,32150000000,TIMELY
2002186897,3,0.3,10000,0.1,100,3,32150000000,TIMELY
2002186981,4,0.4,10000,0.1,100,3,32150000000,TIMELY
2002187065,5,0.5,10000,0.1,100,3,32150000000,TIMELY
2002189208,2,0.2,10000,0.1,100,3,33450000000,TIMELY
2002190737,2,0.2,10000,0.1,100,3,33450000000,TIMELY
2002193731,3,0.3,10000,0.1,100,3,32250000000,TIMELY
2002193899,4,0.4,10000,0.1,100,3,32250000000,TIMELY
2002193983,5,0.5,10000,0.1,100,3,32250000000,TIMELY
2002195067,3,0.3,10000,0.1,100,3,32250000000,TIMELY
2002195235,4,0.4,10000,0.1,100,3,32250000000,TIMELY
2002195319,5,0.5,10000,0.1,100,3,32250000000,TIMELY
2002197164,2,0.2,10000,0.1,100,3,33550000000,TIMELY
2002198668,2,0.2,10000,0.1,100,3,33550000000,TIMELY
2002202047,3,0.3,10000,0.1,100,3,32350000000,TIMELY
2002202215,4,0.4,10000,0.1,100,3,32350000000,TIMELY
2002202299,5,0.5,10000,0.1,100,3,32350000000,TIMELY
2002203383,3,0.3,10000,0.1,100,3,32350000000,TIMELY
2002203551,4,0.4,10000,0.1,100,3,32350000000,TIMELY
2002203635,5,0.5,10000,0.1,100,3,32350000000,TIMELY
2002205105,2,0.2,10000,0.1,100,3,33650000000,TIMELY
2002206607,2,0.2,10000,0.1,100,3,33650000000,TIMELY
2002210522,3,0.3,10000,0.1,100,3,32450000000,TIMELY
2002210690,4,0.4,10000,0.1,100,3,32450000000,TIMELY
2002210774,5,0.5,10000,0.1,100,3,32450000000,TIMELY
2002211858,3,0.3,10000,0.1,100,3,32450000000,TIMELY
2002212026,4,0.4,10000,0.1,100,3,32450000000,TIMELY
2002212110,5,0.5,10000,0.1,100,3,32450000000,TIMELY
2002213046,2,0.2,10000,0.1,100,3,33750000000,TIMELY
2002214548,2,0.2,10000,0.1,100,3,33750000000,TIMELY
2002219138,3,0.3,10000,0.1,100,3,32550000000,TIMELY
2002219306,4,0.4,10000,0.1,100,3,32550000000,TIMELY
2002219390,5,0.5,10000,0.1,100,3,32550000000,TIMELY
2002220474,3,0.3,10000,0.1,100,3,32550000000,TIMELY
2002220642,4,0.4,10000,0.1,100,3,32550000000,TIMELY
2002220726,5,0.5,10000,0.1,100,3,32550000000,TIMELY
2002220972,2,0.2,10000,0.1,100,3,33850000000,TIMELY
2002222472,2,0.2,10000,0.1,100,3,33850000000,TIMELY
2002227976,3,0.3,10000,0.1,100,3,32650000000,TIMELY
2002228060,4,0.4,10000,0.1,100,3,32650000000,TIMELY
2002228228,5,0.5,10000,0.1,100,3,32650000000,TIMELY
2002228984,2,0.2,10000,0.1,100,3,33950000000,TIMELY
2002229312,3,0.3,10000,0.1,100,3,32650000000,TIMELY
2002229396,4,0.4,10000,0.1,100,3,32650000000,TIMELY
2002229564,5,0.5,10000,0.1,100,3,32650000000,TIMELY
2002230381,2,0.2,10000,0.1,100,3,33950000000,TIMELY
2002237036,3,0.3,10000,0.1,100,3,32750000000,TIMELY
2002237120,4,0.4,10000,0.1,100,3,32750000000,TIMELY
2002237288,5,0.5,10000,0.1,100,3,32750000000,TIMELY
2002237792,2,0.2,10000,0.1,100,3,34050000000,TIMELY
2002238372,3,0.3,10000,0.1,100,3,32750000000,TIMELY
2002238456,4,0.4,10000,0.1,100,3,32750000000,TIMELY
2002238624,5,0.5,10000,0.1,100,3,32750000000,TIMELY
2002238960,2,0.2,10000,0.1,100,3,34050000000,TIMELY
2002246173,3,0.3,10000,0.1,100,3,32850000000,TIMELY
2002246257,4,0.4,10000,0.1,100,3,32850000000,TIMELY
2002246425,5,0.5,10000,0.1,100,3,32850000000,TIMELY
2002247013,2,0.2,10000,0.1,100,3,34150000000,TIMELY
2002247845,3,0.3,10000,0.1,100,3,32850000000,TIMELY
2002247929,4,0.4,10000,0.1,100,3,32850000000,TIMELY
2002248097,5,0.5,10000,0.1,100,3,32850000000,TIMELY
2002248265,2,0.2,10000,0.1,100,3,34150000000,TIMELY
2002255315,3,0.3,10000,0.1,100,3,32950000000,TIMELY
2002255399,4,0.4,10000,0.1,100,3,32950000000,TIMELY
2002255567,5,0.5,10000,0.1,100,3,32950000000,TIMELY
2002256155,2,0.2,10000,0.1,100,3,34250000000,TIMELY
2002256987,3,0.3,10000,0.1,100,3,32950000000,TIMELY
2002257071,4,0.4,10000,0.1,100,3,32950000000,TIMELY
2002257239,5,0.5,10000,0.1,100,3,32950000000,TIMELY
2002257407,2,0.2,10000,0.1,100,3,34250000000,TIMELY
2002264455,3,0.3,10000,0.1,100,3,33050000000,TIMELY
2002264539,4,0.4,10000,0.1,100,3,33050000000,TIMELY
2002264707,5,0.5,10000,0.1,100,3,33050000000,TIMELY
2002265295,2,0.2,10000,0.1,100,3,34350000000,TIMELY
2002266127,3,0.3,10000,0.1,100,3,33050000000,TIMELY
2002266211,4,0.4,10000,0.1,100,3,33050000000,TIMELY
2002266379,5,0.5,10000,0.1,100,3,33050000000,TIMELY
2002266547,2,0.2,10000,0.1,100,3,34350000000,TIMELY
2002273593,3,0.3,10000,0.1,100,3,33150000000,TIMELY
2002273677,4,0.4,10000,0.1,100,3,33150000000,TIMELY
2002273845,5,0.5,10000,0.1,100,3,33150000000,TIMELY
2002274433,2,0.2,10000,0.1,100,3,34450000000,TIMELY
2002275265,3,0.3,10000,0.1,100,3,33150000000,TIMELY
2002275349,4,0.4,10000,0.1,100,3,33150000000,TIMELY
2002275517,5,0.5,10000,0.1,100,3,33150000000,TIMELY
2002275685,2,0.2,10000,0.1,100,3,34450000000,TIMELY
2002282729,3,0.3,10000,0.1,100,3,33250000000,TIMELY
2002282813,4,0.4,10000,0.1,100,3,33250000000,TIMELY
2002282981,5,0.5,10000,0.1,100,3,33250000000,TIMELY
2002283569,2,0.2,10000,0.1,100,3,34550000000,TIMELY
2002284401,3,0.3,10000,0.1,100,3,33250000000,TIMELY
2002284485,4,0.4,10000,0.1,100,3,33250000000,TIMELY
2002284653,5,0.5,10000,0.1,100,3,33250000000,TIMELY
2002284821,2,0.2,10000,0.1,100,3,34550000000,TIMELY
2002291865,3,0.3,10000,0.1,100,3,33350000000,TIMELY
2002291949,4,0.4,10000,0.1,100,3,33350000000,TIMELY
2002292117,5,0.5,10000,0.1,100,3,33350000000,TIMELY
2002292705,2,0.2,10000,0.1,100,3,34650000000,TIMELY
2002293537,3,0.3,10000,0.1,100,3,33350000000,TIMELY
2002293621,4,0.4,10000,0.1,100,3,33350000000,TIMELY
2002293789,5,0.5,10000,0.1,100,3,33350000000,TIMELY
2002293957,2,0.2,10000,0.1,100,3,34650000000,TIMELY
2002300999,3,0.3,10000,0.1,100,3,33450000000,TIMELY
2002301083,4,0.4,10000,0.1,100,3,33450000000,TIMELY
2002301251,5,0.5,10000,0.1,100,3,33450000000,TIMELY
2002301839,2,0.2,10000,0.1,100,3,34750000000,TIMELY
2002302671,3,0.3,10000,0.1,100,3,33450000000,TIMELY
2002302755,4,0.4,10000,0.1,100,3,33450000000,TIMELY
2002302923,5,0.5,10000,0.1,100,3,33450000000,TIMELY
2002303175,2,0.2,10000,0.1,100,3,34750000000,TIMELY
2002310131,3,0.3,10000,0.1,100,3,33550000000,TIMELY
2002310215,4,0.4,10000,0.1,100,3,33550000000,TIMELY
2002310383,5,0.5,10000,0.1,100,3,33550000000,TIMELY
2002310971,2,0.2,10000,0.1,100,3,34850000000,TIMELY
2002311803,3,0.3,10000,0.1,100,3,33550000000,TIMELY
2002311887,4,0.4,10000,0.1,100,3,33550000000,TIMELY
2002312055,5,0.5,10000,0.1,100,3,33550000000,TIMELY
2002312307,2,0.2,10000,0.1,100,3,34850000000,TIMELY
2002319178,3,0.3,10000,0.1,100,3,33650000000,TIMELY
2002319346,4,0.4,10000,0.1,100,3,33650000000,TIMELY
2002319598,5,0.5,10000,0.1,100,3,33650000000,TIMELY
2002320102,2,0.2,10000,0.1,100,3,34950000000,TIMELY
2002320850,3,0.3,10000,0.1,100,3,33650000000,TIMELY
2002321018,4,0.4,10000,0.1,100,3,33650000000,TIMELY
2002321186,5,0.5,10000,0.1,100,3,33650000000,TIMELY
2002321438,2,0.2,10000,0.1,100,3,34950000000,TIMELY
2002328225,3,0.3,10000,0.1,100,3,33750000000,TIMELY
2002328393,4,0.4,10000,0.1,100,3,33750000000,TIMELY
2002328813,5,0.5,10000,0.1,100,3,33750000000,TIMELY
2002329233,2,0.2,10000,0.1,100,3,35050000000,TIMELY
2002329897,3,0.3,10000,0.1,100,3,33750000000,TIMELY
2002330065,4,0.4,10000,0.1,100,3,33750000000,TIMELY
2002330317,5,0.5,10000,0.1,100,3,33750000000,TIMELY
2002330569,2,0.2,10000,0.1,100,3,35050000000,TIMELY
2002337189,3,0.3,10000,0.1,100,3,33850000000,TIMELY
2002337441,4,0.4,10000,0.1,100,3,33850000000,TIMELY
2002337945,5,0.5,10000,0.1,100,3,33850000000,TIMELY
2002338281,2,0.2,10000,0.1,100,3,35150000000,TIMELY
2002338861,3,0.3,10000,0.1,100,3,33850000000,TIMELY
2002339113,4,0.4,10000,0.1,100,3,33850000000,TIMELY
2002339365,5,0.5,10000,0.1,100,3,33850000000,TIMELY
2002339617,2,0.2,10000,0.1,100,3,35150000000,TIMELY
2002346144,3,0.3,10000,0.1,100,3,33950000000,TIMELY
2002346564,4,0.4,10000,0.1,100,3,33950000000,TIMELY
2002347236,5,0.5,10000,0.1,100,3,33950000000,TIMELY
2002347320,2,0.2,10000,0.1,100,3,35250000000,TIMELY
2002347816,3,0.3,10000,0.1,100,3,33950000000,TIMELY
2002348152,4,0.4,10000,0.1,100,3,33950000000,TIMELY
2002348572,5,0.5,10000,0.1,100,3,33950000000,TIMELY
2002348740,2,0.2,10000,0.1,100,3,35250000000,TIMELY
2002355024,3,0.3,10000,0.1,100,3,34050000000,TIMELY
2002355612,4,0.4,10000,0.1,100,3,34050000000,TIMELY
2002356284,2,0.2,10000,0.1,100,3,35350000000,TIMELY
2002356368,5,0.5,10000,0.1,100,3,34050000000,TIMELY
2002356696,3,0.3,10000,0.1,100,3,34050000000,TIMELY
2002357200,4,0.4,10000,0.1,100,3,34050000000,TIMELY
2002357704,5,0.5,10000,0.1,100,3,34050000000,TIMELY
2002357788,2,0.2,10000,0.1,100,3,35350000000,TIMELY
2002363884,3,0.3,10000,0.1,100,3,34150000000,TIMELY
2002364640,4,0.4,10000,0.1,100,3,34150000000,TIMELY
2002365312,2,0.2,10000,0.1,100,3,35450000000,TIMELY
2002365396,5,0.5,10000,0.1,100,3,34150000000,TIMELY
2002365556,3,0.3,10000,0.1,100,3,34150000000,TIMELY
2002366144,4,0.4,10000,0.1,100,3,34150000000,TIMELY
2002366732,2,0.2,10000,0.1,100,3,35450000000,TIMELY
2002366816,5,0.5,10000,0.1,100,3,34150000000,TIMELY
2002372596,3,0.3,10000,0.1,100,3,34250000000,TIMELY
2002373604,4,0.4,10000,0.1,100,3,34250000000,TIMELY
2002374268,3,0.3,10000,0.1,100,3,34250000000,TIMELY
2002374276,2,0.2,10000,0.1,100,3,35550000000,TIMELY
2002374360,5,0.5,10000,0.1,100,3,34250000000,TIMELY
2002375108,4,0.4,10000,0.1,100,3,34250000000,TIMELY
2002375696,5,0.5,10000,0.1,100,3,34250000000,TIMELY
2002375780,2,0.2,10000,0.1,100,3,35550000000,TIMELY
2002381224,3,0.3,10000,0.1,100,3,34350000000,TIMELY
2002382484,4,0.4,10000,0.1,100,3,34350000000,TIMELY
2002382896,3,0.3,10000,0.1,100,3,34350000000,TIMELY
2002383156,2,0.2,10000,0.1,100,3,35650000000,TIMELY
2002383240,5,0.5,10000,0.1,100,3,34350000000,TIMELY
2002383988,4,0.4,10000,0.1,100,3,34350000000,TIMELY
2002384576,5,0.5,10000,0.1,100,3,34350000000,TIMELY
2002384660,2,0.2,10000,0.1,100,3,35650000000,TIMELY
2002389768,3,0.3,10000,0.1,100,3,34450000000,TIMELY
2002391280,4,0.4,10000,0.1,100,3,34450000000,TIMELY
2002391440,3,0.3,10000,0.1,100,3,34450000000,TIMELY
2002391952,2,0.2,10000,0.1,100,3,35750000000,TIMELY
2002392036,5,0.5,10000,0.1,100,3,34450000000,TIMELY
2002392784,4,0.4,10000,0.1,100,3,34450000000,TIMELY
2002393372,2,0.2,10000,0.1,100,3,35750000000,TIMELY
2002393456,5,0.5,10000,0.1,100,3,34450000000,TIMELY
2002398228,3,0.3,10000,0.1,100,3,34550000000,TIMELY
2002399900,3,0.3,10000,0.1,100,3,34550000000,TIMELY
2002399992,4,0.4,10000,0.1,100,3,34550000000,TIMELY
2002400664,2,0.2,10000,0.1,100,3,35850000000,TIMELY
2002400748,5,0.5,10000,0.1,100,3,34550000000,TIMELY
2002401496,4,0.4,10000,0.1,100,3,34550000000,TIMELY
2002402084,2,0.2,10000,0.1,100,3,35850000000,TIMELY
2002402168,5,0.5,10000,0.1,100,3,34550000000,TIMELY
2002406604,3,0.3,10000,0.1,100,3,34650000000,TIMELY
2002408276,3,0.3,10000,0.1,100,3,34650000000,TIMELY
2002408620,4,0.4,10000,0.1,100,3,34650000000,TIMELY
2002409292,2,0.2,10000,0.1,100,3,35950000000,TIMELY
2002409376,5,0.5,10000,0.1,100,3,34650000000,TIMELY
2002410124,4,0.4,10000,0.1,100,3,34650000000,TIMELY
2002410712,2,0.2,10000,0.1,100,3,35950000000,TIMELY
2002410796,5,0.5,10000,0.1,100,3,34650000000,TIMELY
2002414881,3,0.3,10000,0.1,100,3,34750000000,TIMELY
2002416889,3,0.3,10000,0.1,100,3,34750000000,TIMELY
2002417233,4,0.4,10000,0.1,100,3,34750000000,TIMELY
2002417905,2,0.2,10000,0.1,100,3,36050000000,TIMELY
2002418073,5,0.5,10000,0.1,100,3,34750000000,TIMELY
2002418989,4,0.4,10000,0.1,100,3,34750000000,TIMELY
2002419409,2,0.2,10000,0.1,100,3,36050000000,TIMELY
2002419577,5,0.5,10000,0.1,100,3,34750000000,TIMELY
2002422921,3,0.3,10000,0.1,100,3,34850000000,TIMELY
2002424929,3,0.3,10000,0.1,100,3,34850000000,TIMELY
2002425693,4,0.4,10000,0.1,100,3,34850000000,TIMELY
2002426281,2,0.2,10000,0.1,100,3,36150000000,TIMELY
2002426617,5,0.5,10000,0.1,100,3,34850000000,TIMELY
2002427449,4,0.4,10000,0.1,100,3,34850000000,TIMELY
2002427869,2,0.2,10000,0.1,100,3,36150000000,TIMELY
2002428037,5,0.5,10000,0.1,100,3,34850000000,TIMELY
2002430793,3,0.3,10000,0.1,100,3,34950000000,TIMELY
2002432801,3,0.3,10000,0.1,100,3,34950000000,TIMELY
2002434069,4,0.4,10000,0.1,100,3,34950000000,TIMELY
2002434489,2,0.2,10000,0.1,100,3,36250000000,TIMELY
2002434993,5,0.5,10000,0.1,100,3,34950000000,TIMELY
2002435825,4,0.4,10000,0.1,100,3,34950000000,TIMELY
2002436077,2,0.2,10000,0.1,100,3,36250000000,TIMELY
2002436413,5,0.5,10000,0.1,100,3,34950000000,TIMELY
2002438584,3,0.3,10000,0.1,100,3,35050000000,TIMELY
2002440424,3,0.3,10000,0.1,100,3,35050000000,TIMELY
2002442196,4,0.4,10000,0.1,100,3,35050000000,TIMELY
2002442532,2,0.2,10000,0.1,100,3,36350000000,TIMELY
2002443204,5,0.5,10000,0.1,100,3,35050000000,TIMELY
2002443952,4,0.4,10000,0.1,100,3,35050000000,TIMELY
2002444288,2,0.2,10000,0.1,100,3,36350000000,TIMELY
2002444792,5,0.5,10000,0.1,100,3,35050000000,TIMELY
2002446456,3,0.3,10000,0.1,100,3,35150000000,TIMELY
2002448201,3,0.3,10000,0.1,100,3,35150000000,TIMELY
2002450225,4,0.4,10000,0.1,100,3,35150000000,TIMELY
2002450393,2,0.2,10000,0.1,100,3,36450000000,TIMELY
2002451401,5,0.5,10000,0.1,100,3,35150000000,TIMELY
2002452065,4,0.4,10000,0.1,100,3,35150000000,TIMELY
2002452317,2,0.2,10000,0.1,100,3,36450000000,TIMELY
2002452905,5,0.5,10000,0.1,100,3,35150000000,TIMELY
2002454232,3,0.3,10000,0.1,100,3,35250000000,TIMELY
2002455989,3,0.3,10000,0.1,100,3,35250000000,TIMELY
2002458181,4,0.4,10000,0.1,100,3,35250000000,TIMELY
2002458265,2,0.2,10000,0.1,100,3,36550000000,TIMELY
2002459525,5,0.5,10000,0.1,100,3,35250000000,TIMELY
2002460105,4,0.4,10000,0.1,100,3,35250000000,TIMELY
2002460189,2,0.2,10000,0.1,100,3,36550000000,TIMELY
2002461029,5,0.5,10000,0.1,100,3,35250000000,TIMELY
2002461993,3,0.3,10000,0.1,100,3,35350000000,TIMELY
2002463777,3,0.3,10000,0.1,100,3,35350000000,TIMELY
2002466072,2,0.2,10000,0.1,100,3,36650000000,TIMELY
2002466156,4,0.4,10000,0.1,100,3,35350000000,TIMELY
2002467668,5,0.5,10000,0.1,100,3,35350000000,TIMELY
2002468164,4,0.4,10000,0.1,100,3,35350000000,TIMELY
2002468332,2,0.2,10000,0.1,100,3,36650000000,TIMELY
2002469172,5,0.5,10000,0.1,100,3,35350000000,TIMELY
2002469739,3,0.3,10000,0.1,100,3,35450000000,TIMELY
2002471467,3,0.3,10000,0.1,100,3,35450000000,TIMELY
2002473860,2,0.2,10000,0.1,100,3,36750000000,TIMELY
2002474028,4,0.4,10000,0.1,100,3,35450000000,TIMELY
2002475792,5,0.5,10000,0.1,100,3,35450000000,TIMELY
2002476036,4,0.4,10000,0.1,100,3,35450000000,TIMELY
2002476120,2,0.2,10000,0.1,100,3,36750000000,TIMELY
2002477296,5,0.5,10000,0.1,100,3,35450000000,TIMELY
2002477485,3,0.3,10000,0.1,100,3,35550000000,TIMELY
2002479199,3,0.3,10000,0.1,100,3,35550000000,TIMELY
2002481632,2,0.2,10000,0.1,100,3,36850000000,TIMELY
2002482052,4,0.4,10000,0.1,100,3,35550000000,TIMELY
2002483816,5,0.5,10000,0.1,100,3,35550000000,TIMELY
2002483976,2,0.2,10000,0.1,100,3,36850000000,TIMELY
2002484060,4,0.4,10000,0.1,100,3,35550000000,TIMELY
2002485216,3,0.3,10000,0.1,100,3,35650000000,TIMELY
2002485320,5,0.5,10000,0.1,100,3,35550000000,TIMELY
2002486927,3,0.3,10000,0.1,100,3,35650000000,TIMELY
2002489381,2,0.2,10000,0.1,100,3,36950000000,TIMELY
2002490137,4,0.4,10000,0.1,100,3,35650000000,TIMELY
2002491725,2,0.2,10000,0.1,100,3,36950000000,TIMELY
2002491901,5,0.5,10000,0.1,100,3,35650000000,TIMELY
2002492061,4,0.4,10000,0.1,100,3,35650000000,TIMELY
2002492932,3,0.3,10000,0.1,100,3,35750000000,TIMELY
2002493405,5,0.5,10000,0.1,100,3,35650000000,TIMELY
2002494641,3,0.3,10000,0.1,100,3,35750000000,TIMELY
2002497073,2,0.2,10000,0.1,100,3,37050000000,TIMELY
2002498333,4,0.4,10000,0.1,100,3,35750000000,TIMELY
2002499417,2,0.2,10000,0.1,100,3,37050000000,TIMELY
2002499929,5,0.5,10000,0.1,100,3,35750000000,TIMELY
2002500173,4,0.4,10000,0.1,100,3,35750000000,TIMELY
2002500648,3,0.3,10000,0.1,100,3,35850000000,TIMELY
2002501433,5,0.5,10000,0.1,100,3,35750000000,TIMELY
2002502356,3,0.3,10000,0.1,100,3,35850000000,TIMELY
2002504777,2,0.2,10000,0.1,100,3,37150000000,TIMELY
2002506625,4,0.4,10000,0.1,100,3,35850000000,TIMELY
2002507121,2,0.2,10000,0.1,100,3,37150000000,TIMELY
2002508053,5,0.5,10000,0.1,100,3,35850000000,TIMELY
2002508381,4,0.4,10000,0.1,100,3,35850000000,TIMELY
2002508473,3,0.3,10000,0.1,100,3,35950000000,TIMELY
2002509557,5,0.5,10000,0.1,100,3,35850000000,TIMELY
2002510054,3,0.3,10000,0.1,100,3,35950000000,TIMELY
2002512383,2,0.2,10000,0.1,100,3,37250000000,TIMELY
2002514643,2,0.2,10000,0.1,100,3,37250000000,TIMELY
2002514819,4,0.4,10000,0.1,100,3,35950000000,TIMELY
2002516163,5,0.5,10000,0.1,100,3,35950000000,TIMELY
2002516415,3,0.3,10000,0.1,100,3,36050000000,TIMELY
2002516575,4,0.4,10000,0.1,100,3,35950000000,TIMELY
2002517667,5,0.5,10000,0.1,100,3,35950000000,TIMELY
2002518003,3,0.3,10000,0.1,100,3,36050000000,TIMELY
2002520015,2,0.2,10000,0.1,100,3,37350000000,TIMELY
2002522095,2,0.2,10000,0.1,100,3,37350000000,TIMELY
2002522943,4,0.4,10000,0.1,100,3,36050000000,TIMELY
2002524119,5,0.5,10000,0.1,100,3,36050000000,TIMELY
2002524371,3,0.3,10000,0.1,100,3,36150000000,TIMELY
2002524699,4,0.4,10000,0.1,100,3,36050000000,TIMELY
2002525791,5,0.5,10000,0.1,100,3,36050000000,TIMELY
2002526043,3,0.3,10000,0.1,100,3,36150000000,TIMELY
2002527581,2,0.2,10000,0.1,100,3,37450000000,TIMELY
2002529511,2,0.2,10000,0.1,100,3,37450000000,TIMELY
2002530863,4,0.4,10000,0.1,100,3,36150000000,TIMELY
2002532123,5,0.5,10000,0.1,100,3,36150000000,TIMELY
2002532459,3,0.3,10000,0.1,100,3,36250000000,TIMELY
2002532619,4,0.4,10000,0.1,100,3,36150000000,TIMELY
2002533879,5,0.5,10000,0.1,100,3,36150000000,TIMELY
2002534131,3,0.3,10000,0.1,100,3,36250000000,TIMELY
2002535132,2,0.2,10000,0.1,100,3,37550000000,TIMELY
2002537055,2,0.2,10000,0.1,100,3,37550000000,TIMELY
2002538735,4,0.4,10000,0.1,100,3,36250000000,TIMELY
2002540163,5,0.5,10000,0.1,100,3,36250000000,TIMELY
2002540491,4,0.4,10000,0.1,100,3,36250000000,TIMELY
2002540499,3,0.3,10000,0.1,100,3,36350000000,TIMELY
2002541919,5,0.5,10000,0.1,100,3,36250000000,TIMELY
2002542171,3,0.3,10000,0.1,100,3,36350000000,TIMELY
2002542668,2,0.2,10000,0.1,100,3,37650000000,TIMELY
2002544564,2,0.2,10000,0.1,100,3,37650000000,TIMELY
2002546558,4,0.4,10000,0.1,100,3,36350000000,TIMELY
2002548322,5,0.5,10000,0.1,100,3,36350000000,TIMELY
2002548482,4,0.4,10000,0.1,100,3,36350000000,TIMELY
2002548658,3,0.3,10000,0.1,100,3,36450000000,TIMELY
2002550078,5,0.5,10000,0.1,100,3,36350000000,TIMELY
2002550204,2,0.2,10000,0.1,100,3,37750000000,TIMELY
2002550330,3,0.3,10000,0.1,100,3,36450000000,TIMELY
2002552100,2,0.2,10000,0.1,100,3,37750000000,TIMELY
2002554334,4,0.4,10000,0.1,100,3,36450000000,TIMELY
2002556342,4,0.4,10000,0.1,100,3,36450000000,TIMELY
2002556602,5,0.5,10000,0.1,100,3,36450000000,TIMELY
2002556938,3,0.3,10000,0.1,100,3,36550000000,TIMELY
2002557946,2,0.2,10000,0.1,100,3,37850000000,TIMELY
2002558358,5,0.5,10000,0.1,100,3,36450000000,TIMELY
2002558610,3,0.3,10000,0.1,100,3,36550000000,TIMELY
2002559617,2,0.2,10000,0.1,100,3,37850000000,TIMELY
2002562101,4,0.4,10000,0.1,100,3,36550000000,TIMELY
2002564109,4,0.4,10000,0.1,100,3,36550000000,TIMELY
2002564873,5,0.5,10000,0.1,100,3,36550000000,TIMELY
2002565293,3,0.3,10000,0.1,100,3,36650000000,TIMELY
2002566049,2,0.2,10000,0.1,100,3,37950000000,TIMELY
2002566629,5,0.5,10000,0.1,100,3,36550000000,TIMELY
2002567133,3,0.3,10000,0.1,100,3,36650000000,TIMELY
2002567553,2,0.2,10000,0.1,100,3,37950000000,TIMELY
2002569889,4,0.4,10000,0.1,100,3,36650000000,TIMELY
2002572065,4,0.4,10000,0.1,100,3,36650000000,TIMELY
2002573165,5,0.5,10000,0.1,100,3,36650000000,TIMELY
2002573585,3,0.3,10000,0.1,100,3,36750000000,TIMELY
2002574257,2,0.2,10000,0.1,100,3,38050000000,TIMELY
2002575173,5,0.5,10000,0.1,100,3,36650000000,TIMELY
2002575509,3,0.3,10000,0.1,100,3,36750000000,TIMELY
2002575929,2,0.2,10000,0.1,100,3,38050000000,TIMELY
2002577515,4,0.4,10000,0.1,100,3,36750000000,TIMELY
2002579585,4,0.4,10000,0.1,100,3,36750000000,TIMELY
2002581273,5,0.5,10000,0.1,100,3,36750000000,TIMELY
2002581693,3,0.3,10000,0.1,100,3,36850000000,TIMELY
2002582449,2,0.2,10000,0.1,100,3,38150000000,TIMELY
2002583365,5,0.5,10000,0.1,100,3,36750000000,TIMELY
2002583785,3,0.3,10000,0.1,100,3,36850000000,TIMELY
2002584289,2,0.2,10000,0.1,100,3,38150000000,TIMELY
2002585126,4,0.4,10000,0.1,100,3,36850000000,TIMELY
2002587065,4,0.4,10000,0.1,100,3,36850000000,TIMELY
2002589244,5,0.5,10000,0.1,100,3,36850000000,TIMELY
2002589748,3,0.3,10000,0.1,100,3,36950000000,TIMELY
2002590588,2,0.2,10000,0.1,100,3,38250000000,TIMELY
2002591504,5,0.5,10000,0.1,100,3,36850000000,TIMELY
2002592008,3,0.3,10000,0.1,100,3,36950000000,TIMELY
2002592428,2,0.2,10000,0.1,100,3,38250000000,TIMELY
2002592737,4,0.4,10000,0.1,100,3,36950000000,TIMELY
2002594733,4,0.4,10000,0.1,100,3,36950000000,TIMELY
2002597116,5,0.5,10000,0.1,100,3,36950000000,TIMELY
2002597872,3,0.3,10000,0.1,100,3,37050000000,TIMELY
2002598964,2,0.2,10000,0.1,100,3,38350000000,TIMELY
2002599460,5,0.5,10000,0.1,100,3,36950000000,TIMELY
2002600048,3,0.3,10000,0.1,100,3,37050000000,TIMELY
2002600333,4,0.4,10000,0.1,100,3,37050000000,TIMELY
2002600636,2,0.2,10000,0.1,100,3,38350000000,TIMELY
2002602245,4,0.4,10000,0.1,100,3,37050000000,TIMELY
2002605048,5,0.5,10000,0.1,100,3,37050000000,TIMELY
2002606224,3,0.3,10000,0.1,100,3,37150000000,TIMELY
2002607392,5,0.5,10000,0.1,100,3,37050000000,TIMELY
2002607400,2,0.2,10000,0.1,100,3,38450000000,TIMELY
2002608316,3,0.3,10000,0.1,100,3,37150000000,TIMELY
2002608324,4,0.4,10000,0.1,100,3,37150000000,TIMELY
2002609072,2,0.2,10000,0.1,100,3,38450000000,TIMELY
2002609841,4,0.4,10000,0.1,100,3,37150000000,TIMELY
2002612848,5,0.5,10000,0.1,100,3,37150000000,TIMELY
2002614612,3,0.3,10000,0.1,100,3,37250000000,TIMELY
2002615276,5,0.5,10000,0.1,100,3,37150000000,TIMELY
2002615788,2,0.2,10000,0.1,100,3,38550000000,TIMELY
2002616544,4,0.4,10000,0.1,100,3,37250000000,TIMELY
2002616620,3,0.3,10000,0.1,100,3,37250000000,TIMELY
2002617460,2,0.2,10000,0.1,100,3,38550000000,TIMELY
2002617880,4,0.4,10000,0.1,100,3,37250000000,TIMELY
2002620590,5,0.5,10000,0.1,100,3,37250000000,TIMELY
2002622850,5,0.5,10000,0.1,100,3,37250000000,TIMELY
2002622858,3,0.3,10000,0.1,100,3,37350000000,TIMELY
2002624034,2,0.2,10000,0.1,100,3,38650000000,TIMELY
2002624622,4,0.4,10000,0.1,100,3,37350000000,TIMELY
2002624866,3,0.3,10000,0.1,100,3,37350000000,TIMELY
2002625874,2,0.2,10000,0.1,100,3,38650000000,TIMELY
2002626294,4,0.4,10000,0.1,100,3,37350000000,TIMELY
2002628156,5,0.5,10000,0.1,100,3,37350000000,TIMELY
2002630332,5,0.5,10000,0.1,100,3,37350000000,TIMELY
2002631012,3,0.3,10000,0.1,100,3,37450000000,TIMELY
2002632104,2,0.2,10000,0.1,100,3,38750000000,TIMELY
2002632692,4,0.4,10000,0.1,100,3,37450000000,TIMELY
2002633020,3,0.3,10000,0.1,100,3,37450000000,TIMELY
2002634112,2,0.2,10000,0.1,100,3,38750000000,TIMELY
2002634532,4,0.4,10000,0.1,100,3,37450000000,TIMELY
2002635722,5,0.5,10000,0.1,100,3,37450000000,TIMELY
2002637700,5,0.5,10000,0.1,100,3,37450000000,TIMELY
2002638884,3,0.3,10000,0.1,100,3,37550000000,TIMELY
2002639976,2,0.2,10000,0.1,100,3,38850000000,TIMELY
2002640732,4,0.4,10000,0.1,100,3,37550000000,TIMELY
2002640892,3,0.3,10000,0.1,100,3,37550000000,TIMELY
2002642152,2,0.2,10000,0.1,100,3,38850000000,TIMELY
2002642572,4,0.4,10000,0.1,100,3,37550000000,TIMELY
2002643273,5,0.5,10000,0.1,100,3,37550000000,TIMELY
2002645236,5,0.5,10000,0.1,100,3,37550000000,TIMELY
2002646651,3,0.3,10000,0.1,100,3,37650000000,TIMELY
2002647827,2,0.2,10000,0.1,100,3,38950000000,TIMELY
2002648659,3,0.3,10000,0.1,100,3,37650000000,TIMELY
2002648751,4,0.4,10000,0.1,100,3,37650000000,TIMELY
2002650087,2,0.2,10000,0.1,100,3,38950000000,TIMELY
2002650591,4,0.4,10000,0.1,100,3,37650000000,TIMELY
2002650809,5,0.5,10000,0.1,100,3,37650000000,TIMELY
2002652705,5,0.5,10000,0.1,100,3,37650000000,TIMELY
2002654439,3,0.3,10000,0.1,100,3,37750000000,TIMELY
2002655783,2,0.2,10000,0.1,100,3,39050000000,TIMELY
2002656531,3,0.3,10000,0.1,100,3,37750000000,TIMELY
2002656875,4,0.4,10000,0.1,100,3,37750000000,TIMELY
2002657959,2,0.2,10000,0.1,100,3,39050000000,TIMELY
2002658345,5,0.5,10000,0.1,100,3,37750000000,TIMELY
2002658631,4,0.4,10000,0.1,100,3,37750000000,TIMELY
2002660241,5,0.5,10000,0.1,100,3,37750000000,TIMELY
2002662215,3,0.3,10000,0.1,100,3,37850000000,TIMELY
2002663811,2,0.2,10000,0.1,100,3,39150000000,TIMELY
2002664391,3,0.3,10000,0.1,100,3,37850000000,TIMELY
2002665155,4,0.4,10000,0.1,100,3,37850000000,TIMELY
2002665987,2,0.2,10000,0.1,100,3,39150000000,TIMELY
2002666079,5,0.5,10000,0.1,100,3,37850000000,TIMELY
2002666827,4,0.4,10000,0.1,100,3,37850000000,TIMELY
2002667758,5,0.5,10000,0.1,100,3,37850000000,TIMELY
2002669865,3,0.3,10000,0.1,100,3,37950000000,TIMELY
2002671797,2,0.2,10000,0.1,100,3,39250000000,TIMELY
2002672041,3,0.3,10000,0.1,100,3,37950000000,TIMELY
2002673309,4,0.4,10000,0.1,100,3,37950000000,TIMELY
2002674057,2,0.2,10000,0.1,100,3,39250000000,TIMELY
2002674065,5,0.5,10000,0.1,100,3,37950000000,TIMELY
2002674981,4,0.4,10000,0.1,100,3,37950000000,TIMELY
2002675653,5,0.5,10000,0.1,100,3,37950000000,TIMELY
2002677371,3,0.3,10000,0.1,100,3,38050000000,TIMELY
2002679486,3,0.3,10000,0.1,100,3,38050000000,TIMELY
2002679578,2,0.2,10000,0.1,100,3,39350000000,TIMELY
2002681258,4,0.4,10000,0.1,100,3,38050000000,TIMELY
2002681838,2,0.2,10000,0.1,100,3,39350000000,TIMELY
2002681930,5,0.5,10000,0.1,100,3,38050000000,TIMELY
2002683014,4,0.4,10000,0.1,100,3,38050000000,TIMELY
2002683686,5,0.5,10000,0.1,100,3,38050000000,TIMELY
2002684908,3,0.3,10000,0.1,100,3,38150000000,TIMELY
2002686854,3,0.3,10000,0.1,100,3,38150000000,TIMELY
2002687114,2,0.2,10000,0.1,100,3,39450000000,TIMELY
2002688962,4,0.4,10000,0.1,100,3,38150000000,TIMELY
2002689374,2,0.2,10000,0.1,100,3,39450000000,TIMELY
2002689718,5,0.5,10000,0.1,100,3,38150000000,TIMELY
2002690886,4,0.4,10000,0.1,100,3,38150000000,TIMELY
2002691474,5,0.5,10000,0.1,100,3,38150000000,TIMELY
2002692444,3,0.3,10000,0.1,100,3,38250000000,TIMELY
2002694338,3,0.3,10000,0.1,100,3,38250000000,TIMELY
2002694641,2,0.2,10000,0.1,100,3,39550000000,TIMELY
2002696573,4,0.4,10000,0.1,100,3,38250000000,TIMELY
2002696901,2,0.2,10000,0.1,100,3,39550000000,TIMELY
2002697413,5,0.5,10000,0.1,100,3,38250000000,TIMELY
2002698581,4,0.4,10000,0.1,100,3,38250000000,TIMELY
2002699169,5,0.5,10000,0.1,100,3,38250000000,TIMELY
2002699966,3,0.3,10000,0.1,100,3,38350000000,TIMELY
2002701902,3,0.3,10000,0.1,100,3,38350000000,TIMELY
2002702090,2,0.2,10000,0.1,100,3,39650000000,TIMELY
2002704190,4,0.4,10000,0.1,100,3,38350000000,TIMELY
2002704350,2,0.2,10000,0.1,100,3,39650000000,TIMELY
2002705114,5,0.5,10000,0.1,100,3,38350000000,TIMELY
2002706198,4,0.4,10000,0.1,100,3,38350000000,TIMELY
2002706870,5,0.5,10000,0.1,100,3,38350000000,TIMELY
2002707442,3,0.3,10000,0.1,100,3,38450000000,TIMELY
2002709322,3,0.3,10000,0.1,100,3,38450000000,TIMELY
2002709498,2,0.2,10000,0.1,100,3,39750000000,TIMELY
2002711758,2,0.2,10000,0.1,100,3,39750000000,TIMELY
2002711766,4,0.4,10000,0.1,100,3,38450000000,TIMELY
2002712858,5,0.5,10000,0.1,100,3,38450000000,TIMELY
2002713774,4,0.4,10000,0.1,100,3,38450000000,TIMELY
2002714530,5,0.5,10000,0.1,100,3,38450000000,TIMELY
2002714903,3,0.3,10000,0.1,100,3,38550000000,TIMELY
2002716779,3,0.3,10000,0.1,100,3,38550000000,TIMELY
2002716902,2,0.2,10000,0.1,100,3,39850000000,TIMELY
2002719210,2,0.2,10000,0.1,100,3,39850000000,TIMELY
2002719341,4,0.4,10000,0.1,100,3,38550000000,TIMELY
2002720517,5,0.5,10000,0.1,100,3,38550000000,TIMELY
2002721349,4,0.4,10000,0.1,100,3,38550000000,TIMELY
2002722273,5,0.5,10000,0.1,100,3,38550000000,TIMELY
2002722428,3,0.3,10000,0.1,100,3,38650000000,TIMELY
2002724258,2,0.2,10000,0.1,100,3,39950000000,TIMELY
2002724483,3,0.3,10000,0.1,100,3,38650000000,TIMELY
2002726452,2,0.2,10000,0.1,100,3,39950000000,TIMELY
2002726835,4,0.4,10000,0.1,100,3,38650000000,TIMELY
2002728263,5,0.5,10000,0.1,100,3,38650000000,TIMELY
2002729095,4,0.4,10000,0.1,100,3,38650000000,TIMELY
2002730027,3,0.3,10000,0.1,100,3,38750000000,TIMELY
2002730439,5,0.5,10000,0.1,100,3,38650000000,TIMELY
2002731599,2,0.2,10000,0.1,100,3,40050000000,TIMELY
2002731964,3,0.3,10000,0.1,100,3,38750000000,TIMELY
2002733691,2,0.2,10000,0.1,100,3,40050000000,TIMELY
2002734351,4,0.4,10000,0.1,100,3,38750000000,TIMELY
2002735863,5,0.5,10000,0.1,100,3,38750000000,TIMELY
2002736611,4,0.4,10000,0.1,100,3,38750000000,TIMELY
2002737795,3,0.3,10000,0.1,100,3,38850000000,TIMELY
2002738123,5,0.5,10000,0.1,100,3,38750000000,TIMELY
2002738971,2,0.2,10000,0.1,100,3,40150000000,TIMELY
2002739719,3,0.3,10000,0.1,100,3,38850000000,TIMELY
2002740975,2,0.2,10000,0.1,100,3,40150000000,TIMELY
2002741867,4,0.4,10000,0.1,100,3,38850000000,TIMELY
2002743567,5,0.5,10000,0.1,100,3,38850000000,TIMELY
2002744147,4,0.4,10000,0.1,100,3,38850000000,TIMELY
2002745499,3,0.3,10000,0.1,100,3,38950000000,TIMELY
2002745827,5,0.5,10000,0.1,100,3,38850000000,TIMELY
2002746507,2,0.2,10000,0.1,100,3,40250000000,TIMELY
2002747591,3,0.3,10000,0.1,100,3,38950000000,TIMELY
2002748431,2,0.2,10000,0.1,100,3,40250000000,TIMELY
2002749346,4,0.4,10000,0.1,100,3,38950000000,TIMELY
2002751271,5,0.5,10000,0.1,100,3,38950000000,TIMELY
2002751599,4,0.4,10000,0.1,100,3,38950000000,TIMELY
2002753203,3,0.3,10000,0.1,100,3,39050000000,TIMELY
2002753531,5,0.5,10000,0.1,100,3,38950000000,TIMELY
2002754127,2,0.2,10000,0.1,100,3,40350000000,TIMELY
2002755295,3,0.3,10000,0.1,100,3,39050000000,TIMELY
2002756051,2,0.2,10000,0.1,100,3,40350000000,TIMELY
2002756827,4,0.4,10000,0.1,100,3,39050000000,TIMELY
2002758891,5,0.5,10000,0.1,100,3,39050000000,TIMELY
2002759051,4,0.4,10000,0.1,100,3,39050000000,TIMELY
2002760907,3,0.3,10000,0.1,100,3,39150000000,TIMELY
2002761235,5,0.5,10000,0.1,100,3,39050000000,TIMELY
2002761747,2,0.2,10000,0.1,100,3,40450000000,TIMELY
2002763083,3,0.3,10000,0.1,100,3,39150000000,TIMELY
2002763671,2,0.2,10000,0.1,100,3,40450000000,TIMELY
2002764243,4,0.4,10000,0.1,100,3,39150000000,TIMELY
2002766379,5,0.5,10000,0.1,100,3,39150000000,TIMELY
2002766431,4,0.4,10000,0.1,100,3,39150000000,TIMELY
2002768479,3,0.3,10000,0.1,100,3,39250000000,TIMELY
2002768723,5,0.5,10000,0.1,100,3,39150000000,TIMELY
2002769319,2,0.2,10000,0.1,100,3,40550000000,TIMELY
2002770739,3,0.3,10000,0.1,100,3,39250000000,TIMELY
2002771495,2,0.2,10000,0.1,100,3,40550000000,TIMELY
2002771714,4,0.4,10000,0.1,100,3,39250000000,TIMELY
2002773826,4,0.4,10000,0.1,100,3,39250000000,TIMELY
2002773915,5,0.5,10000,0.1,100,3,39250000000,TIMELY
2002776015,3,0.3,10000,0.1,100,3,39350000000,TIMELY
2002776175,5,0.5,10000,0.1,100,3,39250000000,TIMELY
2002776939,2,0.2,10000,0.1,100,3,40650000000,TIMELY
2002778275,3,0.3,10000,0.1,100,3,39350000000,TIMELY
2002779115,4,0.4,10000,0.1,100,3,39350000000,TIMELY
2002779119,2,0.2,10000,0.1,100,3,40650000000,TIMELY
2002781190,4,0.4,10000,0.1,100,3,39350000000,TIMELY
2002781383,5,0.5,10000,0.1,100,3,39350000000,TIMELY
2002783651,3,0.3,10000,0.1,100,3,39450000000,TIMELY
2002783727,5,0.5,10000,0.1,100,3,39350000000,TIMELY
2002784575,2,0.2,10000,0.1,100,3,40750000000,TIMELY
2002785911,3,0.3,10000,0.1,100,3,39450000000,TIMELY
2002786591,4,0.4,10000,0.1,100,3,39450000000,TIMELY
2002786751,2,0.2,10000,0.1,100,3,40750000000,TIMELY
2002788571,4,0.4,10000,0.1,100,3,39450000000,TIMELY
2002788851,5,0.5,10000,0.1,100,3,39450000000,TIMELY
2002791111,5,0.5,10000,0.1,100,3,39450000000,TIMELY
2002791287,3,0.3,10000,0.1,100,3,39550000000,TIMELY
2002792211,2,0.2,10000,0.1,100,3,40850000000,TIMELY
2002793547,3,0.3,10000,0.1,100,3,39550000000,TIMELY
2002794143,4,0.4,10000,0.1,100,3,39550000000,TIMELY
2002794387,2,0.2,10000,0.1,100,3,40850000000,TIMELY
2002796047,4,0.4,10000,0.1,100,3,39550000000,TIMELY
2002796237,5,0.5,10000,0.1,100,3,39550000000,TIMELY
2002798497,5,0.5,10000,0.1,100,3,39550000000,TIMELY
2002798841,3,0.3,10000,0.1,100,3,39650000000,TIMELY
2002799765,2,0.2,10000,0.1,100,3,40950000000,TIMELY
2002801101,3,0.3,10000,0.1,100,3,39650000000,TIMELY
2002801781,4,0.4,10000,0.1,100,3,39650000000,TIMELY
2002802109,2,0.2,10000,0.1,100,3,40950000000,TIMELY
2002803608,5,0.5,10000,0.1,100,3,39650000000,TIMELY
2002803627,4,0.4,10000,0.1,100,3,39650000000,TIMELY
2002805829,5,0.5,10000,0.1,100,3,39650000000,TIMELY
2002806377,3,0.3,10000,0.1,100,3,39750000000,TIMELY
2002807301,2,0.2,10000,0.1,100,3,41050000000,TIMELY
2002808637,3,0.3,10000,0.1,100,3,39750000000,TIMELY
2002809401,4,0.4,10000,0.1,100,3,39750000000,TIMELY
2002809645,2,0.2,10000,0.1,100,3,41050000000,TIMELY
2002811061,5,0.5,10000,0.1,100,3,39750000000,TIMELY
2002811241,4,0.4,10000,0.1,100,3,39750000000,TIMELY
2002813241,5,0.5,10000,0.1,100,3,39750000000,TIMELY
2002813857,3,0.3,10000,0.1,100,3,39850000000,TIMELY
2002814781,2,0.2,10000,0.1,100,3,41150000000,TIMELY
2002816117,3,0.3,10000,0.1,100,3,39850000000,TIMELY
2002817049,4,0.4,10000,0.1,100,3,39850000000,TIMELY
2002817209,2,0.2,10000,0.1,100,3,41150000000,TIMELY
2002818417,5,0.5,10000,0.1,100,3,39850000000,TIMELY
2002818889,4,0.4,10000,0.1,100,3,39850000000,TIMELY
2002820597,5,0.5,10000,0.1,100,3,39850000000,TIMELY
2002821198,3,0.3,10000,0.1,100,3,39950000000,TIMELY
2002822206,2,0.2,10000,0.1,100,3,41250000000,TIMELY
2002823542,3,0.3,10000,0.1,100,3,39950000000,TIMELY
2002824642,4,0.4,10000,0.1,100,3,39950000000,TIMELY
2002824718,2,0.2,10000,0.1,100,3,41250000000,TIMELY
2002825818,5,0.5,10000,0.1,100,3,39950000000,TIMELY
2002826566,4,0.4,10000,0.1,100,3,39950000000,TIMELY
2002827970,5,0.5,10000,0.1,100,3,39950000000,TIMELY
2002828539,3,0.3,10000,0.1,100,3,40050000000,TIMELY
2002829590,2,0.2,10000,0.1,100,3,41350000000,TIMELY
2002830758,3,0.3,10000,0.1,100,3,40050000000,TIMELY
2002832018,2,0.2,10000,0.1,100,3,41350000000,TIMELY
2002832110,4,0.4,10000,0.1,100,3,40050000000,TIMELY
2002833303,5,0.5,10000,0.1,100,3,40050000000,TIMELY
2002834135,4,0.4,10000,0.1,100,3,40050000000,TIMELY
2002835437,5,0.5,10000,0.1,100,3,40050000000,TIMELY
2002835890,3,0.3,10000,0.1,100,3,40150000000,TIMELY
2002836970,2,0.2,10000,0.1,100,3,41450000000,TIMELY
2002838054,3,0.3,10000,0.1,100,3,40150000000,TIMELY
2002839314,2,0.2,10000,0.1,100,3,41450000000,TIMELY
2002839490,4,0.4,10000,0.1,100,3,40150000000,TIMELY
2002840755,5,0.5,10000,0.1,100,3,40150000000,TIMELY
2002841671,4,0.4,10000,0.1,100,3,40150000000,TIMELY
2002842847,5,0.5,10000,0.1,100,3,40150000000,TIMELY
2002843260,3,0.3,10000,0.1,100,3,40250000000,TIMELY
2002844338,2,0.2,10000,0.1,100,3,41550000000,TIMELY
2002845422,3,0.3,10000,0.1,100,3,40250000000,TIMELY
2002846682,2,0.2,10000,0.1,100,3,41550000000,TIMELY
2002846816,4,0.4,10000,0.1,100,3,40250000000,TIMELY
2002848276,5,0.5,10000,0.1,100,3,40250000000,TIMELY
2002849024,4,0.4,10000,0.1,100,3,40250000000,TIMELY
2002850452,5,0.5,10000,0.1,100,3,40250000000,TIMELY
2002850628,3,0.3,10000,0.1,100,3,40350000000,TIMELY
2002851706,2,0.2,10000,0.1,100,3,41650000000,TIMELY
2002852790,3,0.3,10000,0.1,100,3,40350000000,TIMELY
2002853966,2,0.2,10000,0.1,100,3,41650000000,TIMELY
2002854208,4,0.4,10000,0.1,100,3,40350000000,TIMELY
2002855675,5,0.5,10000,0.1,100,3,40350000000,TIMELY
2002856339,4,0.4,10000,0.1,100,3,40350000000,TIMELY
2002857851,5,0.5,10000,0.1,100,3,40350000000,TIMELY
2002858027,3,0.3,10000,0.1,100,3,40450000000,TIMELY
2002859062,2,0.2,10000,0.1,100,3,41750000000,TIMELY
2002860146,3,0.3,10000,0.1,100,3,40450000000,TIMELY
2002861322,2,0.2,10000,0.1,100,3,41750000000,TIMELY
2002861519,4,0.4,10000,0.1,100,3,40450000000,TIMELY
2002863070,5,0.5,10000,0.1,100,3,40450000000,TIMELY
2002863650,4,0.4,10000,0.1,100,3,40450000000,TIMELY
2002865246,5,0.5,10000,0.1,100,3,40450000000,TIMELY
2002865422,3,0.3,10000,0.1,100,3,40550000000,TIMELY
2002866430,2,0.2,10000,0.1,100,3,41850000000,TIMELY
2002867850,3,0.3,10000,0.1,100,3,40550000000,TIMELY
2002868774,2,0.2,10000,0.1,100,3,41850000000,TIMELY
2002868866,4,0.4,10000,0.1,100,3,40550000000,TIMELY
2002870458,5,0.5,10000,0.1,100,3,40550000000,TIMELY
2002871206,4,0.4,10000,0.1,100,3,40550000000,TIMELY
2002872894,3,0.3,10000,0.1,100,3,40650000000,TIMELY
2002872970,5,0.5,10000,0.1,100,3,40550000000,TIMELY
2002873902,2,0.2,10000,0.1,100,3,41950000000,TIMELY
2002875322,3,0.3,10000,0.1,100,3,40650000000,TIMELY
2002876162,2,0.2,10000,0.1,100,3,41950000000,TIMELY
2002876338,4,0.4,10000,0.1,100,3,40650000000,TIMELY
2002877850,5,0.5,10000,0.1,100,3,40650000000,TIMELY
2002878514,4,0.4,10000,0.1,100,3,40650000000,TIMELY
2002880278,5,0.5,10000,0.1,100,3,40650000000,TIMELY
2002880286,3,0.3,10000,0.1,100,3,40750000000,TIMELY
2002881294,2,0.2,10000,0.1,100,3,42050000000,TIMELY
2002882714,3,0.3,10000,0.1,100,3,40750000000,TIMELY
2002883638,2,0.2,10000,0.1,100,3,42050000000,TIMELY
2002883730,4,0.4,10000,0.1,100,3,40750000000,TIMELY
2002885287,5,0.5,10000,0.1,100,3,40750000000,TIMELY
2002885951,4,0.4,10000,0.1,100,3,40750000000,TIMELY
2002887715,5,0.5,10000,0.1,100,3,40750000000,TIMELY
2002887723,3,0.3,10000,0.1,100,3,40850000000,TIMELY
2002888731,2,0.2,10000,0.1,100,3,42150000000,TIMELY
2002890151,3,0.3,10000,0.1,100,3,40850000000,TIMELY
2002891075,2,0.2,10000,0.1,100,3,42150000000,TIMELY
2002891167,4,0.4,10000,0.1,100,3,40850000000,TIMELY
2002892679,5,0.5,10000,0.1,100,3,40850000000,TIMELY
2002893343,4,0.4,10000,0.1,100,3,40850000000,TIMELY
2002895107,5,0.5,10000,0.1,100,3,40850000000,TIMELY
2002895115,3,0.3,10000,0.1,100,3,40950000000,TIMELY
2002896123,2,0.2,10000,0.1,100,3,42250000000,TIMELY
2002897543,3,0.3,10000,0.1,100,3,40950000000,TIMELY
2002898467,2,0.2,10000,0.1,100,3,42250000000,TIMELY
2002898559,4,0.4,10000,0.1,100,3,40950000000,TIMELY
2002900097,5,0.5,10000,0.1,100,3,40950000000,TIMELY
2002900761,4,0.4,10000,0.1,100,3,40950000000,TIMELY
2002902525,5,0.5,10000,0.1,100,3,40950000000,TIMELY
2002902533,3,0.3,10000,0.1,100,3,41050000000,TIMELY
2002903541,2,0.2,10000,0.1,100,3,42350000000,TIMELY
2002904961,3,0.3,10000,0.1,100,3,41050000000,TIMELY
2002905801,2,0.2,10000,0.1,100,3,42350000000,TIMELY
2002905977,4,0.4,10000,0.1,100,3,41050000000,TIMELY
2002907489,5,0.5,10000,0.1,100,3,41050000000,TIMELY
2002908153,4,0.4,10000,0.1,100,3,41050000000,TIMELY
2002909917,5,0.5,10000,0.1,100,3,41050000000,TIMELY
2002909925,3,0.3,10000,0.1,100,3,41150000000,TIMELY
2002910933,2,0.2,10000,0.1,100,3,42450000000,TIMELY
2002912353,3,0.3,10000,0.1,100,3,41150000000,TIMELY
2002913453,4,0.4,10000,0.1,100,3,41150000000,TIMELY
2002913529,2,0.2,10000,0.1,100,3,42450000000,TIMELY
2002914965,5,0.5,10000,0.1,100,3,41150000000,TIMELY
2002915629,4,0.4,10000,0.1,100,3,41150000000,TIMELY
2002917393,5,0.5,10000,0.1,100,3,41150000000,TIMELY
2002917401,3,0.3,10000,0.1,100,3,41250000000,TIMELY
2002918409,2,0.2,10000,0.1,100,3,42550000000,TIMELY
2002919745,3,0.3,10000,0.1,100,3,41250000000,TIMELY
2002920921,2,0.2,10000,0.1,100,3,42550000000,TIMELY
2002920929,4,0.4,10000,0.1,100,3,41250000000,TIMELY
2002922441,5,0.5,10000,0.1,100,3,41250000000,TIMELY
2002923105,4,0.4,10000,0.1,100,3,41250000000,TIMELY
2002924869,5,0.5,10000,0.1,100,3,41250000000,TIMELY
2002924877,3,0.3,10000,0.1,100,3,41350000000,TIMELY
2002925885,2,0.2,10000,0.1,100,3,42650000000,TIMELY
2002927221,3,0.3,10000,0.1,100,3,41350000000,TIMELY
2002928397,2,0.2,10000,0.1,100,3,42650000000,TIMELY
2002928405,4,0.4,10000,0.1,100,3,41350000000,TIMELY
2002929917,5,0.5,10000,0.1,100,3,41350000000,TIMELY
2002930581,4,0.4,10000,0.1,100,3,41350000000,TIMELY
2002932345,5,0.5,10000,0.1,100,3,41350000000,TIMELY
2002932353,3,0.3,10000,0.1,100,3,41450000000,TIMELY
2002933361,2,0.2,10000,0.1,100,3,42750000000,TIMELY
2002934697,3,0.3,10000,0.1,100,3,41450000000,TIMELY
2002935873,2,0.2,10000,0.1,100,3,42750000000,TIMELY
2002935881,4,0.4,10000,0.1,100,3,41450000000,TIMELY
2002937393,5,0.5,10000,0.1,100,3,41450000000,TIMELY
2002938057,4,0.4,10000,0.1,100,3,41450000000,TIMELY
2002939821,5,0.5,10000,0.1,100,3,41450000000,TIMELY
2002939829,3,0.3,10000,0.1,100,3,41550000000,TIMELY
2002940837,2,0.2,10000,0.1,100,3,42850000000,TIMELY
2002942173,3,0.3,10000,0.1,100,3,41550000000,TIMELY
2002943265,2,0.2,10000,0.1,100,3,42850000000,TIMELY
2002943357,4,0.4,10000,0.1,100,3,41550000000,TIMELY
2002944869,5,0.5,10000,0.1,100,3,41550000000,TIMELY
2002945533,4,0.4,10000,0.1,100,3,41550000000,TIMELY
2002947297,5,0.5,10000,0.1,100,3,41550000000,TIMELY
2002947305,3,0.3,10000,0.1,100,3,41650000000,TIMELY
2002948313,2,0.2,10000,0.1,100,3,42950000000,TIMELY
2002949649,3,0.3,10000,0.1,100,3,41650000000,TIMELY
2002950741,2,0.2,10000,0.1,100,3,42950000000,TIMELY
2002950833,4,0.4,10000,0.1,100,3,41650000000,TIMELY
2002952345,5,0.5,10000,0.1,100,3,41650000000,TIMELY
2002953009,4,0.4,10000,0.1,100,3,41650000000,TIMELY
2002954773,5,0.5,10000,0.1,100,3,41650000000,TIMELY
2002954781,3,0.3,10000,0.1,100,3,41750000000,TIMELY
2002955789,2,0.2,10000,0.1,100,3,43050000000,TIMELY
2002957125,3,0.3,10000,0.1,100,3,41750000000,TIMELY
2002958217,2,0.2,10000,0.1,100,3,43050000000,TIMELY
2002958309,4,0.4,10000,0.1,100,3,41750000000,TIMELY
2002959737,5,0.5,10000,0.1,100,3,41750000000,TIMELY
2002960485,4,0.4,10000,0.1,100,3,41750000000,TIMELY
2002962165,5,0.5,10000,0.1,100,3,41750000000,TIMELY
2002962257,3,0.3,10000,0.1,100,3,41850000000,TIMELY
2002963265,2,0.2,10000,0.1,100,3,43150000000,TIMELY
2002964601,3,0.3,10000,0.1,100,3,41850000000,TIMELY
2002965693,2,0.2,10000,0.1,100,3,43150000000,TIMELY
2002965785,4,0.4,10000,0.1,100,3,41850000000,TIMELY
2002967213,5,0.5,10000,0.1,100,3,41850000000,TIMELY
2002967961,4,0.4,10000,0.1,100,3,41850000000,TIMELY
2002969557,5,0.5,10000,0.1,100,3,41850000000,TIMELY
2002969733,3,0.3,10000,0.1,100,3,41950000000,TIMELY
2002970741,2,0.2,10000,0.1,100,3,43250000000,TIMELY
2002972077,3,0.3,10000,0.1,100,3,41950000000,TIMELY
2002973169,2,0.2,10000,0.1,100,3,43250000000,TIMELY
2002973261,4,0.4,10000,0.1,100,3,41950000000,TIMELY
2002974689,5,0.5,10000,0.1,100,3,41950000000,TIMELY
2002975437,4,0.4,10000,0.1,100,3,41950000000,TIMELY
2002977033,5,0.5,10000,0.1,100,3,41950000000,TIMELY
2002977209,3,0.3,10000,0.1,100,3,42050000000,TIMELY
2002978217,2,0.2,10000,0.1,100,3,43350000000,TIMELY
2002979553,3,0.3,10000,0.1,100,3,42050000000,TIMELY
2002980645,2,0.2,10000,0.1,100,3,43350000000,TIMELY
2002980737,4,0.4,10000,0.1,100,3,42050000000,TIMELY
2002982165,5,0.5,10000,0.1,100,3,42050000000,TIMELY
2002982913,4,0.4,10000,0.1,100,3,42050000000,TIMELY
2002984509,5,0.5,10000,0.1,100,3,42050000000,TIMELY
2002984685,3,0.3,10000,0.1,100,3,42150000000,TIMELY
2002985609,2,0.2,10000,0.1,100,3,43450000000,TIMELY
2002987029,3,0.3,10000,0.1,100,3,42150000000,TIMELY
2002988121,2,0.2,10000,0.1,100,3,43450000000,TIMELY
2002988213,4,0.4,10000,0.1,100,3,42150000000,TIMELY
2002989641,5,0.5,10000,0.1,100,3,42150000000,TIMELY
2002990389,4,0.4,10000,0.1,100,3,42150000000,TIMELY
2002991985,5,0.5,10000,0.1,100,3,42150000000,TIMELY
2002992161,3,0.3,10000,0.1,100,3,42250000000,TIMELY
2002993085,2,0.2,10000,0.1,100,3,43550000000,TIMELY
2002994505,3,0.3,10000,0.1,100,3,42250000000,TIMELY
2002995597,2,0.2,10000,0.1,100,3,43550000000,TIMELY
2002995689,4,0.4,10000,0.1,100,3,42250000000,TIMELY
2002997117,5,0.5,10000,0.1,100,3,42250000000,TIMELY
2002997865,4,0.4,10000,0.1,100,3,42250000000,TIMELY
2002999461,5,0.5,10000,0.1,100,3,42250000000,TIMELY
2002999637,3,0.3,10000,0.1,100,3,42350000000,TIMELY
2003000561,2,0.2,10000,0.1,100,3,43650000000,TIMELY
2003001981,3,0.3,10000,0.1,100,3,42350000000,TIMELY
2003003073,2,0.2,10000,0.1,100,3,43650000000,TIMELY
2003003165,4,0.4,10000,0.1,100,3,42350000000,TIMELY
2003004593,5,0.5,10000,0.1,100,3,42350000000,TIMELY
2003005341,4,0.4,10000,0.1,100,3,42350000000,TIMELY
2003006937,5,0.5,10000,0.1,100,3,42350000000,TIMELY
2003007113,3,0.3,10000,0.1,100,3,42450000000,TIMELY
2003008037,2,0.2,10000,0.1,100,3,43750000000,TIMELY
2003009709,3,0.3,10000,0.1,100,3,42450000000,TIMELY
2003010633,2,0.2,10000,0.1,100,3,43750000000,TIMELY
2003010725,4,0.4,10000,0.1,100,3,42450000000,TIMELY
2003012237,5,0.5,10000,0.1,100,3,42450000000,TIMELY
2003013153,4,0.4,10000,0.1,100,3,42450000000,TIMELY
2003014833,5,0.5,10000,0.1,100,3,42450000000,TIMELY
2003014841,3,0.3,10000,0.1,100,3,42550000000,TIMELY
2003015765,2,0.2,10000,0.1,100,3,43850000000,TIMELY
2003017353,3,0.3,10000,0.1,100,3,42550000000,TIMELY
2003018193,2,0.2,10000,0.1,100,3,43850000000,TIMELY
2003018453,4,0.4,10000,0.1,100,3,42550000000,TIMELY
2003019881,5,0.5,10000,0.1,100,3,42550000000,TIMELY
2003020797,4,0.4,10000,0.1,100,3,42550000000,TIMELY
2003022477,5,0.5,10000,0.1,100,3,42550000000,TIMELY
2003022569,3,0.3,10000,0.1,100,3,42650000000,TIMELY
2003023409,2,0.2,10000,0.1,100,3,43950000000,TIMELY
2003025081,3,0.3,10000,0.1,100,3,42650000000,TIMELY
2003025921,2,0.2,10000,0.1,100,3,43950000000,TIMELY
2003026181,4,0.4,10000,0.1,100,3,42650000000,TIMELY
2003027609,5,0.5,10000,0.1,100,3,42650000000,TIMELY
2003028525,4,0.4,10000,0.1,100,3,42650000000,TIMELY
2003030205,5,0.5,10000,0.1,100,3,42650000000,TIMELY
2003030381,3,0.3,10000,0.1,100,3,42750000000,TIMELY
2003031053,2,0.2,10000,0.1,100,3,44050000000,TIMELY
2003032893,3,0.3,10000,0.1,100,3,42750000000,TIMELY
2003033649,2,0.2,10000,0.1,100,3,44050000000,TIMELY
2003033909,4,0.4,10000,0.1,100,3,42750000000,TIMELY
2003035337,5,0.5,10000,0.1,100,3,42750000000,TIMELY
2003036169,4,0.4,10000,0.1,100,3,42750000000,TIMELY
2003037933,5,0.5,10000,0.1,100,3,42750000000,TIMELY
2003038109,3,0.3,10000,0.1,100,3,42850000000,TIMELY
2003038697,2,0.2,10000,0.1,100,3,44150000000,TIMELY
2003040789,3,0.3,10000,0.1,100,3,42850000000,TIMELY
2003041209,2,0.2,10000,0.1,100,3,44150000000,TIMELY
2003041637,4,0.4,10000,0.1,100,3,42850000000,TIMELY
2003042981,5,0.5,10000,0.1,100,3,42850000000,TIMELY
2003043897,4,0.4,10000,0.1,100,3,42850000000,TIMELY
2003045661,5,0.5,10000,0.1,100,3,42850000000,TIMELY
2003045669,3,0.3,10000,0.1,100,3,42950000000,TIMELY
2003046333,2,0.2,10000,0.1,100,3,44250000000,TIMELY
2003047685,3,0.3,10000,0.1,100,3,42950000000,TIMELY
2003048817,4,0.4,10000,0.1,100,3,42950000000,TIMELY
2003050222,5,0.5,10000,0.1,100,3,42950000000,TIMELY
2003051306,4,0.4,10000,0.1,100,3,42950000000,TIMELY
2003052497,5,0.5,10000,0.1,100,3,42950000000,TIMELY
2003052785,3,0.3,10000,0.1,100,3,43050000000,TIMELY
2003055157,3,0.3,10000,0.1,100,3,43050000000,TIMELY
2003055933,4,0.4,10000,0.1,100,3,43050000000,TIMELY
2003057501,5,0.5,10000,0.1,100,3,43050000000,TIMELY
2003058417,4,0.4,10000,0.1,100,3,43050000000,TIMELY
2003059710,5,0.5,10000,0.1,100,3,43050000000,TIMELY
2003059901,3,0.3,10000,0.1,100,3,43150000000,TIMELY
2003062273,3,0.3,10000,0.1,100,3,43150000000,TIMELY
2003063133,4,0.4,10000,0.1,100,3,43150000000,TIMELY
2003064785,5,0.5,10000,0.1,100,3,43150000000,TIMELY
2003065617,4,0.4,10000,0.1,100,3,43150000000,TIMELY
2003066989,5,0.5,10000,0.1,100,3,43150000000,TIMELY
2003067002,3,0.3,10000,0.1,100,3,43250000000,TIMELY
2003069368,3,0.3,10000,0.1,100,3,43250000000,TIMELY
2003070234,4,0.4,10000,0.1,100,3,43250000000,TIMELY
2003072030,5,0.5,10000,0.1,100,3,43250000000,TIMELY
2003072778,4,0.4,10000,0.1,100,3,43250000000,TIMELY
2003074103,3,0.3,10000,0.1,100,3,43350000000,TIMELY
2003074251,5,0.5,10000,0.1,100,3,43250000000,TIMELY
2003076469,3,0.3,10000,0.1,100,3,43350000000,TIMELY
2003077335,4,0.4,10000,0.1,100,3,43350000000,TIMELY
2003079291,5,0.5,10000,0.1,100,3,43350000000,TIMELY
2003079871,4,0.4,10000,0.1,100,3,43350000000,TIMELY
2003081189,3,0.3,10000,0.1,100,3,43450000000,TIMELY
2003081497,5,0.5,10000,0.1,100,3,43350000000,TIMELY
2003083565,3,0.3,10000,0.1,100,3,43450000000,TIMELY
2003084421,4,0.4,10000,0.1,100,3,43450000000,TIMELY
2003086541,5,0.5,10000,0.1,100,3,43450000000,TIMELY
2003086953,4,0.4,10000,0.1,100,3,43450000000,TIMELY
2003088275,3,0.3,10000,0.1,100,3,43550000000,TIMELY
2003088777,5,0.5,10000,0.1,100,3,43450000000,TIMELY
2003090651,3,0.3,10000,0.1,100,3,43550000000,TIMELY
2003091577,4,0.4,10000,0.1,100,3,43550000000,TIMELY
2003093795,5,0.5,10000,0.1,100,3,43550000000,TIMELY
2003094123,4,0.4,10000,0.1,100,3,43550000000,TIMELY
2003095346,3,0.3,10000,0.1,100,3,43650000000,TIMELY
2003096044,5,0.5,10000,0.1,100,3,43550000000,TIMELY
2003097697,3,0.3,10000,0.1,100,3,43650000000,TIMELY
2003098648,4,0.4,10000,0.1,100,3,43650000000,TIMELY
2003100943,5,0.5,10000,0.1,100,3,43650000000,TIMELY
2003101187,4,0.4,10000,0.1,100,3,43650000000,TIMELY
2003102417,3,0.3,10000,0.1,100,3,43750000000,TIMELY
2003103217,5,0.5,10000,0.1,100,3,43650000000,TIMELY
2003104768,3,0.3,10000,0.1,100,3,43750000000,TIMELY
2003105782,4,0.4,10000,0.1,100,3,43750000000,TIMELY
2003108150,5,0.5,10000,0.1,100,3,43750000000,TIMELY
2003108310,4,0.4,10000,0.1,100,3,43750000000,TIMELY
2003109488,3,0.3,10000,0.1,100,3,43850000000,TIMELY
2003110379,5,0.5,10000,0.1,100,3,43750000000,TIMELY
2003111839,3,0.3,10000,0.1,100,3,43850000000,TIMELY
2003112853,4,0.4,10000,0.1,100,3,43850000000,TIMELY
2003115381,4,0.4,10000,0.1,100,3,43850000000,TIMELY
2003115389,5,0.5,10000,0.1,100,3,43850000000,TIMELY
2003116544,3,0.3,10000,0.1,100,3,43950000000,TIMELY
2003117628,5,0.5,10000,0.1,100,3,43850000000,TIMELY
2003118888,3,0.3,10000,0.1,100,3,43950000000,TIMELY
2003119909,4,0.4,10000,0.1,100,3,43950000000,TIMELY
2003122433,4,0.4,10000,0.1,100,3,43950000000,TIMELY
2003122525,5,0.5,10000,0.1,100,3,43950000000,TIMELY
2003123681,3,0.3,10000,0.1,100,3,44050000000,TIMELY
2003124789,5,0.5,10000,0.1,100,3,43950000000,TIMELY
2003125944,3,0.3,10000,0.1,100,3,44050000000,TIMELY
2003126977,4,0.4,10000,0.1,100,3,44050000000,TIMELY
2003129525,4,0.4,10000,0.1,100,3,44050000000,TIMELY
2003129701,5,0.5,10000,0.1,100,3,44050000000,TIMELY
2003130722,3,0.3,10000,0.1,100,3,44150000000,TIMELY
2003131997,5,0.5,10000,0.1,100,3,44050000000,TIMELY
2003133059,3,0.3,10000,0.1,100,3,44150000000,TIMELY
2003134018,4,0.4,10000,0.1,100,3,44150000000,TIMELY
2003136538,4,0.4,10000,0.1,100,3,44150000000,TIMELY
2003136798,5,0.5,10000,0.1,100,3,44150000000,TIMELY
2003137714,3,0.3,10000,0.1,100,3,44250000000,TIMELY
2003139079,5,0.5,10000,0.1,100,3,44150000000,TIMELY
2003140913,4,0.4,10000,0.1,100,3,44250000000,TIMELY
2003143693,5,0.5,10000,0.1,100,3,44250000000,TIMELY
